Hora;G solar
0;-18,33
1;-18,33
2;-18,33
3;-18,33
4;-18,33
5;-18,33
6;-18,33
7;18236,18
8;23207,27
9;25585,58
10;27710,28
11;28744,75
12;29165,14
13;29043,06
14;28783,85
15;28455,28
16;27318,96
17;25365,88
18;21616,69
19;14287,16
20;-18,33
21;-18,33
22;-18,33
23;-18,33
0;-18,33
1;-18,33
2;-18,33
3;-18,33
4;-18,33
5;-18,33
6;-18,33
7;1184,34
8;2773,83
9;5033,14
10;10284,68
11;28666,83
12;28954,97
13;29125,51
14;28787,04
15;28472,63
16;27161,64
17;25188,80
18;21677,13
19;14543,10
20;-18,33
21;-18,33
22;-18,33
23;-18,33
0;-18,33
1;-18,33
2;-18,33
3;-18,33
4;-18,33
5;-18,33
6;-18,33
7;834,62
8;2611,94
9;8722,68
10;27670,43
11;28478,36
12;29045,38
13;29017,04
14;28651,96
15;28435,93
16;27394,51
17;25452,85
18;21850,66
19;14518,18
20;-18,33
21;-18,33
22;-18,33
23;-18,33
0;-18,33
1;-18,33
2;-18,33
3;-18,33
4;-18,33
5;-18,33
6;-18,33
7;1172,74
8;4120,23
9;25951,43
10;27651,62
11;28678,01
12;29025,00
13;29253,52
14;29105,92
15;28359,64
16;27540,30
17;25556,66
18;22023,88
19;14726,95
20;-18,33
21;-18,33
22;-18,33
23;-18,33
0;-18,33
1;-18,33
2;-18,33
3;-18,33
4;-18,33
5;-18,33
6;-18,33
7;583,01
8;1947,22
9;5486,68
10;12841,51
11;19933,19
12;22678,17
13;23896,51
14;20213,49
15;17183,16
16;13560,00
17;7744,23
18;3461,73
19;14674,60
20;-18,33
21;-18,33
22;-18,33
23;-18,33
0;-18,33
1;-18,33
2;-18,33
3;-18,33
4;-18,33
5;-18,33
6;-18,33
7;829,55
8;2483,00
9;4657,57
10;5721,62
11;28374,32
12;28759,51
13;28754,19
14;28767,82
15;28271,58
16;27093,17
17;25229,01
18;21663,59
19;14461,43
20;-18,33
21;-18,33
22;-18,33
23;-18,33
0;-18,33
1;-18,33
2;-18,33
3;-18,33
4;-18,33
5;-18,33
6;-18,33
7;811,91
8;2339,02
9;4195,07
10;10017,39
11;28346,81
12;28782,74
13;28907,65
14;28846,17
15;28222,82
16;27300,08
17;25370,76
18;21710,78
19;14474,72
20;-18,33
21;-18,33
22;-18,33
23;-18,33
0;-18,33
1;-18,33
2;-18,33
3;-18,33
4;-18,33
5;-18,33
6;-18,33
7;17778,69
8;23123,05
9;26069,07
10;27632,85
11;28590,76
12;28993,30
13;28975,18
14;28599,94
15;28209,08
16;26942,61
17;25059,85
18;21719,03
19;14649,62
20;-18,33
21;-18,33
22;-18,33
23;-18,33
0;-18,33
1;-18,33
2;-18,33
3;-18,33
4;-18,33
5;-18,33
6;-18,33
7;730,99
8;2381,19
9;4802,86
10;27541,42
11;28453,58
12;28885,08
13;28799,46
14;28492,39
15;28266,86
16;27229,39
17;25224,33
18;21759,86
19;14674,80
20;-18,33
21;-18,33
22;-18,33
23;-18,33
0;-18,33
1;-18,33
2;-18,33
3;-18,33
4;-18,33
5;-18,33
6;-18,33
7;879,02
8;2843,99
9;26108,60
10;27649,78
11;28311,57
12;28974,40
13;29254,07
14;29045,28
15;28603,78
16;27480,03
17;25392,37
18;21919,87
19;14793,37
20;-18,33
21;-18,33
22;-18,33
23;-18,33
0;-18,33
1;-18,33
2;-18,33
3;-18,33
4;-18,33
5;-18,33
6;-18,33
7;714,42
8;2268,63
9;4497,60
10;27446,99
11;28700,63
12;28862,42
13;28907,94
14;29115,72
15;28499,09
16;27326,47
17;25356,70
18;21892,32
19;14777,82
20;-18,33
21;-18,33
22;-18,33
23;-18,33
0;-18,33
1;-18,33
2;-18,33
3;-18,33
4;-18,33
5;-18,33
6;-18,33
7;752,05
8;2484,49
9;4694,74
10;8427,18
11;28611,66
12;29055,99
13;29184,56
14;29030,03
15;28533,48
16;27496,01
17;25564,10
18;21990,43
19;14800,60
20;-18,33
21;-18,33
22;-18,33
23;-18,33
0;-18,33
1;-18,33
2;-18,33
3;-18,33
4;-18,33
5;-18,33
6;-18,33
7;796,65
8;2672,65
9;4946,97
10;27435,88
11;28616,69
12;29072,88
13;29258,52
14;28786,36
15;28626,79
16;27471,14
17;25579,13
18;21913,75
19;14756,81
20;-18,33
21;-18,33
22;-18,33
23;-18,33
0;-18,33
1;-18,33
2;-18,33
3;-18,33
4;-18,33
5;-18,33
6;-18,33
7;861,45
8;3337,36
9;25590,37
10;27286,64
11;28634,60
12;29247,99
13;29018,46
14;28840,87
15;28530,29
16;27752,60
17;25683,66
18;22075,16
19;14936,32
20;-18,33
21;-18,33
22;-18,33
23;-18,33
0;-18,33
1;-18,33
2;-18,33
3;-18,33
4;-18,33
5;-18,33
6;-18,33
7;17039,01
8;22987,78
9;25910,45
10;27451,19
11;28629,28
12;28948,25
13;29013,51
14;28831,73
15;28340,71
16;27315,19
17;25420,50
18;21984,14
19;14916,04
20;-18,33
21;-18,33
22;-18,33
23;-18,33
0;-18,33
1;-18,33
2;-18,33
3;-18,33
4;-18,33
5;-18,33
6;-18,33
7;858,77
8;2868,21
9;6547,25
10;27701,11
11;28779,80
12;29193,26
13;29234,40
14;29229,71
15;28794,60
16;27553,56
17;25761,30
18;22164,59
19;14984,39
20;-18,33
21;-18,33
22;-18,33
23;-18,33
0;-18,33
1;-18,33
2;-18,33
3;-18,33
4;-18,33
5;-18,33
6;-18,33
7;750,49
8;2394,14
9;5132,12
10;27664,18
11;28815,65
12;29204,87
13;29494,18
14;29453,44
15;28659,27
16;27808,93
17;25697,91
18;22266,75
19;15072,88
20;-18,33
21;-18,33
22;-18,33
23;-18,33
0;-18,33
1;-18,33
2;-18,33
3;-18,33
4;-18,33
5;-18,33
6;-18,33
7;575,92
8;1827,50
9;3235,47
10;4991,64
11;6816,58
12;9834,19
13;17865,82
14;22865,85
15;28881,33
16;27709,12
17;25936,98
18;22302,77
19;15043,77
20;-18,33
21;-18,33
22;-18,33
23;-18,33
0;-18,33
1;-18,33
2;-18,33
3;-18,33
4;-18,33
5;-18,33
6;-18,33
7;551,13
8;1873,97
9;3569,94
10;5111,47
11;8287,35
12;15015,57
13;29368,28
14;29209,39
15;28916,11
16;27951,24
17;26021,42
18;22522,43
19;15102,52
20;-18,33
21;-18,33
22;-18,33
23;-18,33
0;-18,33
1;-18,33
2;-18,33
3;-18,33
4;-18,33
5;-18,33
6;-18,33
7;16885,20
8;23011,02
9;25999,78
10;27797,30
11;28863,76
12;29161,41
13;29492,41
14;29165,99
15;28755,91
16;28040,89
17;25985,42
18;22467,43
19;15009,11
20;-18,33
21;-18,33
22;-18,33
23;-18,33
0;-18,33
1;-18,33
2;-18,33
3;-18,33
4;-18,33
5;-18,33
6;-18,33
7;757,25
8;3044,99
9;25733,22
10;27545,77
11;28820,98
12;29051,91
13;29443,25
14;28995,41
15;28663,59
16;27870,66
17;25904,19
18;22354,93
19;14967,03
20;-18,33
21;-18,33
22;-18,33
23;-18,33
0;-18,33
1;-18,33
2;-18,33
3;-18,33
4;-18,33
5;-18,33
6;-18,33
7;633,13
8;1896,77
9;4043,05
10;7715,45
11;28623,57
12;29252,31
13;29405,21
14;29245,43
15;28618,66
16;27782,68
17;25940,86
18;22191,50
19;14796,72
20;-18,33
21;-18,33
22;-18,33
23;-18,33
0;-18,33
1;-18,33
2;-18,33
3;-18,33
4;-18,33
5;-18,33
6;-18,33
7;662,30
8;2966,41
9;25687,32
10;26841,02
11;28447,56
12;29054,41
13;29051,90
14;28796,22
15;28283,59
16;27525,07
17;25567,46
18;22165,10
19;14728,28
20;-18,33
21;-18,33
22;-18,33
23;-18,33
0;-18,33
1;-18,33
2;-18,33
3;-18,33
4;-18,33
5;-18,33
6;-18,33
7;15934,06
8;22347,33
9;25167,07
10;27068,44
11;28384,24
12;28567,44
13;28926,82
14;28779,36
15;28307,55
16;27433,83
17;25528,68
18;21949,64
19;14518,84
20;-18,33
21;-18,33
22;-18,33
23;-18,33
0;-18,33
1;-18,33
2;-18,33
3;-18,33
4;-18,33
5;-18,33
6;-18,33
7;15799,13
8;22315,50
9;25223,19
10;26676,25
11;28241,48
12;28668,73
13;28924,09
14;28530,31
15;28183,84
16;27352,92
17;25467,51
18;21896,87
19;14412,51
20;-18,33
21;-18,33
22;-18,33
23;-18,33
0;-18,33
1;-18,33
2;-18,33
3;-18,33
4;-18,33
5;-18,33
6;-18,33
7;15795,98
8;22286,74
9;25177,49
10;26877,37
11;27850,95
12;28510,34
13;28396,26
14;28603,50
15;28047,63
16;27158,10
17;25297,24
18;21799,46
19;14277,78
20;-18,33
21;-18,33
22;-18,33
23;-18,33
0;-18,33
1;-18,33
2;-18,33
3;-18,33
4;-18,33
5;-18,33
6;-18,33
7;507,91
8;2159,14
9;7838,28
10;12580,24
11;16974,41
12;28315,87
13;28566,76
14;28633,55
15;28325,33
16;27334,78
17;25444,97
18;21977,63
19;14264,60
20;-18,33
21;-18,33
22;-18,33
23;-18,33
0;-18,33
1;-18,33
2;-18,33
3;-18,33
4;-18,33
5;-18,33
6;-18,33
7;15690,27
8;22455,33
9;25251,89
10;26334,32
11;28310,68
12;28794,11
13;28572,63
14;28799,06
15;28418,97
16;27360,24
17;25552,87
18;21977,10
19;14273,05
20;-18,33
21;-18,33
22;-18,33
23;-18,33
0;-18,33
1;-18,33
2;-18,33
3;-18,33
4;-18,33
5;-18,33
6;-18,33
7;15571,01
8;22334,91
9;25298,28
10;26721,96
11;28238,01
12;28734,80
13;28723,97
14;28622,22
15;28391,79
16;27309,80
17;25396,16
18;21917,99
19;14292,20
20;-18,33
21;-18,33
22;-18,33
23;-18,33
0;-18,33
1;-18,33
2;-18,33
3;-18,33
4;-18,33
5;-18,33
6;-18,33
7;530,34
8;2597,57
9;25916,37
10;27351,82
11;28366,65
12;28540,03
13;28863,19
14;28718,62
15;28149,76
16;27562,23
17;25663,61
18;21984,68
19;14192,53
20;-18,33
21;-18,33
22;-18,33
23;-18,33
0;-18,33
1;-18,33
2;-18,33
3;-18,33
4;-18,33
5;-18,33
6;-18,33
7;466,19
8;1824,18
9;3820,13
10;7819,95
11;28442,83
12;28924,09
13;28863,86
14;28676,75
15;28154,85
16;27570,20
17;25787,40
18;22283,03
19;14536,37
20;-18,33
21;-18,33
22;-18,33
23;-18,33
0;-18,33
1;-18,33
2;-18,33
3;-18,33
4;-18,33
5;-18,33
6;-18,33
7;520,89
8;2603,99
9;25494,57
10;26895,89
11;27965,77
12;28944,15
13;28644,97
14;28767,52
15;28247,51
16;27121,15
17;25513,71
18;22092,09
19;14251,42
20;-18,33
21;-18,33
22;-18,33
23;-18,33
0;-18,33
1;-18,33
2;-18,33
3;-18,33
4;-18,33
5;-18,33
6;-18,33
7;15076,32
8;22423,18
9;25498,86
10;26532,95
11;28230,84
12;28722,30
13;28661,97
14;28628,71
15;28533,32
16;27369,90
17;25600,11
18;22087,50
19;14114,61
20;-18,33
21;-18,33
22;-18,33
23;-18,33
0;-18,33
1;-18,33
2;-18,33
3;-18,33
4;-18,33
5;-18,33
6;-18,33
7;15528,39
8;22785,21
9;26072,93
10;27788,74
11;28617,12
12;29150,69
13;29458,05
14;29049,31
15;28877,86
16;28023,88
17;26109,76
18;22450,05
19;14245,73
20;-18,33
21;-18,33
22;-18,33
23;-18,33
0;-18,33
1;-18,33
2;-18,33
3;-18,33
4;-18,33
5;-18,33
6;-18,33
7;491,40
8;2768,81
9;26352,92
10;28079,43
11;28571,88
12;29351,87
13;29415,55
14;29456,17
15;29030,09
16;28282,61
17;26218,29
18;22698,23
19;14466,65
20;-18,33
21;-18,33
22;-18,33
23;-18,33
0;-18,33
1;-18,33
2;-18,33
3;-18,33
4;-18,33
5;-18,33
6;-18,33
7;15250,96
8;22802,40
9;25906,46
10;27497,88
11;28634,53
12;28977,38
13;22996,96
14;21746,24
15;28619,88
16;27731,88
17;25986,77
18;22387,09
19;14215,11
20;-18,33
21;-18,33
22;-18,33
23;-18,33
0;-18,33
1;-18,33
2;-18,33
3;-18,33
4;-18,33
5;-18,33
6;-18,33
7;14792,62
8;22294,21
9;25381,85
10;26824,80
11;28244,93
12;28783,30
13;28613,47
14;28861,06
15;28210,85
16;27361,45
17;25608,45
18;22114,99
19;13883,03
20;-18,33
21;-18,33
22;-18,33
23;-18,33
0;-18,33
1;-18,33
2;-18,33
3;-18,33
4;-18,33
5;-18,33
6;-18,33
7;14598,03
8;22078,77
9;25385,24
10;27357,57
11;28481,36
12;28873,51
13;28888,51
14;28599,56
15;28244,37
16;27618,52
17;25790,80
18;22172,17
19;13612,00
20;-18,33
21;-18,33
22;-18,33
23;-18,33
0;-18,33
1;-18,33
2;-18,33
3;-18,33
4;-18,33
5;-18,33
6;-18,33
7;14417,69
8;22197,10
9;25581,55
10;26881,35
11;27646,46
12;28691,20
13;28497,29
14;28722,97
15;28561,27
16;27567,97
17;25892,61
18;22026,68
19;13306,02
20;-18,33
21;-18,33
22;-18,33
23;-18,33
0;-18,33
1;-18,33
2;-18,33
3;-18,33
4;-18,33
5;-18,33
6;-18,33
7;473,21
8;22416,62
9;25552,27
10;27132,28
11;28474,79
12;28569,87
13;29121,30
14;28752,39
15;28424,39
16;27612,56
17;25952,33
18;22278,77
19;13498,79
20;-18,33
21;-18,33
22;-18,33
23;-18,33
0;-18,33
1;-18,33
2;-18,33
3;-18,33
4;-18,33
5;-18,33
6;-18,33
7;14439,30
8;22496,33
9;25358,91
10;26513,73
11;28099,00
12;28255,02
13;28341,05
14;28251,09
15;28128,72
16;27371,03
17;25649,81
18;22022,90
19;13340,37
20;-18,33
21;-18,33
22;-18,33
23;-18,33
0;-18,33
1;-18,33
2;-18,33
3;-18,33
4;-18,33
5;-18,33
6;-18,33
7;14121,95
8;22282,22
9;25405,10
10;26607,28
11;28299,51
12;28497,15
13;28649,96
14;28604,14
15;27973,66
16;27143,74
17;25336,41
18;21838,25
19;12978,01
20;-18,33
21;-18,33
22;-18,33
23;-18,33
0;-18,33
1;-18,33
2;-18,33
3;-18,33
4;-18,33
5;-18,33
6;-18,33
7;14050,35
8;22253,24
9;25365,68
10;26907,61
11;27967,07
12;28506,25
13;28609,83
14;28426,09
15;28372,04
16;27334,18
17;25732,03
18;22077,80
19;12899,63
20;-18,33
21;-18,33
22;-18,33
23;-18,33
0;-18,33
1;-18,33
2;-18,33
3;-18,33
4;-18,33
5;-18,33
6;-18,33
7;402,86
8;22397,71
9;25946,74
10;27660,60
11;28394,53
12;28862,33
13;29049,19
14;28789,16
15;28376,95
16;27653,88
17;25822,39
18;22347,88
19;13125,76
20;-18,33
21;-18,33
22;-18,33
23;-18,33
0;-18,33
1;-18,33
2;-18,33
3;-18,33
4;-18,33
5;-18,33
6;-18,33
7;266,81
8;1516,87
9;2897,73
10;4090,91
11;4748,09
12;5402,46
13;11130,83
14;21105,14
15;28837,54
16;27979,36
17;26251,12
18;22426,89
19;12876,58
20;-18,33
21;-18,33
22;-18,33
23;-18,33
0;-18,33
1;-18,33
2;-18,33
3;-18,33
4;-18,33
5;-18,33
6;-18,33
7;160,84
8;1282,12
9;6323,90
10;10618,42
11;14688,37
12;28727,38
13;28705,36
14;28961,47
15;28448,71
16;27797,40
17;25899,58
18;22209,09
19;12639,67
20;-18,33
21;-18,33
22;-18,33
23;-18,33
0;-18,33
1;-18,33
2;-18,33
3;-18,33
4;-18,33
5;-18,33
6;-18,33
7;260,03
8;1888,27
9;5869,65
10;27129,80
11;28188,18
12;28770,40
13;28889,89
14;28806,54
15;28394,28
16;27735,57
17;25799,22
18;22015,61
19;12240,13
20;-18,33
21;-18,33
22;-18,33
23;-18,33
0;-18,33
1;-18,33
2;-18,33
3;-18,33
4;-18,33
5;-18,33
6;-18,33
7;317,08
8;2396,76
9;25759,08
10;26724,65
11;28296,03
12;28685,59
13;28736,36
14;28719,88
15;28488,21
16;27605,73
17;25833,99
18;22063,57
19;12067,92
20;-18,33
21;-18,33
22;-18,33
23;-18,33
0;-18,33
1;-18,33
2;-18,33
3;-18,33
4;-18,33
5;-18,33
6;-18,33
7;220,13
8;1007,72
9;2681,16
10;4226,89
11;5992,97
12;9186,76
13;18150,32
14;20870,04
15;28398,06
16;27605,31
17;25784,37
18;22013,49
19;11790,69
20;-18,33
21;-18,33
22;-18,33
23;-18,33
0;-18,33
1;-18,33
2;-18,33
3;-18,33
4;-18,33
5;-18,33
6;-18,33
7;201,61
8;1970,64
9;25564,45
10;7139,65
11;14353,63
12;13623,19
13;17960,97
14;9558,02
15;17544,35
16;27778,50
17;25914,29
18;22027,38
19;11582,36
20;-18,33
21;-18,33
22;-18,33
23;-18,33
0;-18,33
1;-18,33
2;-18,33
3;-18,33
4;-18,33
5;-18,33
6;-18,33
7;265,29
8;22161,82
9;25370,78
10;26881,07
11;27787,57
12;28618,09
13;28830,49
14;28718,14
15;28559,08
16;27521,42
17;25868,43
18;22018,84
19;11278,86
20;-18,33
21;-18,33
22;-18,33
23;-18,33
0;-18,33
1;-18,33
2;-18,33
3;-18,33
4;-18,33
5;-18,33
6;-18,33
7;12990,04
8;22467,03
9;25789,45
10;26899,78
11;28114,76
12;28978,44
13;28668,98
14;28747,46
15;28699,03
16;27839,58
17;25795,07
18;21870,80
19;11030,44
20;-18,33
21;-18,33
22;-18,33
23;-18,33
0;-18,33
1;-18,33
2;-18,33
3;-18,33
4;-18,33
5;-18,33
6;-18,33
7;12727,40
8;22234,24
9;25810,94
10;27390,84
11;28417,63
12;28903,88
13;28941,14
14;28673,69
15;28659,88
16;27887,33
17;25946,04
18;22029,26
19;10810,92
20;-18,33
21;-18,33
22;-18,33
23;-18,33
0;-18,33
1;-18,33
2;-18,33
3;-18,33
4;-18,33
5;-18,33
6;-18,33
7;12791,35
8;22559,86
9;26093,52
10;27713,00
11;28398,16
12;28651,57
13;28731,37
14;28843,11
15;28392,82
16;27721,50
17;25931,53
18;22022,27
19;10544,30
20;-18,33
21;-18,33
22;-18,33
23;-18,33
0;-18,33
1;-18,33
2;-18,33
3;-18,33
4;-18,33
5;-18,33
6;-18,33
7;125,22
8;1281,96
9;2544,12
10;5127,04
11;28441,42
12;28603,02
13;29105,33
14;28894,70
15;28393,38
16;27916,72
17;26117,54
18;22035,68
19;10273,35
20;-18,33
21;-18,33
22;-18,33
23;-18,33
0;-18,33
1;-18,33
2;-18,33
3;-18,33
4;-18,33
5;-18,33
6;-18,33
7;12768,74
8;22628,35
9;26455,16
10;28005,67
11;28427,41
12;28990,62
13;28831,74
14;29114,29
15;29104,44
16;28327,07
17;26452,10
18;22288,36
19;10152,11
20;-18,33
21;-18,33
22;-18,33
23;-18,33
0;-18,33
1;-18,33
2;-18,33
3;-18,33
4;-18,33
5;-18,33
6;-18,33
7;139,04
8;1213,10
9;2321,79
10;3433,92
11;10968,95
12;17496,71
13;29144,65
14;29108,63
15;28720,67
16;27952,74
17;26133,43
18;22165,09
19;9725,44
20;-18,33
21;-18,33
22;-18,33
23;-18,33
0;-18,33
1;-18,33
2;-18,33
3;-18,33
4;-18,33
5;-18,33
6;-18,33
7;11943,15
8;22152,88
9;25607,47
10;27052,55
11;27989,75
12;28468,68
13;28605,97
14;28672,63
15;28380,32
16;27558,32
17;25764,43
18;21775,41
19;9097,07
20;-18,33
21;-18,33
22;-18,33
23;-18,33
0;-18,33
1;-18,33
2;-18,33
3;-18,33
4;-18,33
5;-18,33
6;-18,33
7;11530,01
8;22134,67
9;25483,66
10;26865,41
11;27892,03
12;28667,42
13;28447,05
14;28602,00
15;28527,55
16;27756,10
17;25886,01
18;21614,79
19;8400,17
20;-18,33
21;-18,33
22;-18,33
23;-18,33
0;-18,33
1;-18,33
2;-18,33
3;-18,33
4;-18,33
5;-18,33
6;-18,33
7;11782,40
8;22655,04
9;25996,44
10;27262,23
11;28335,02
12;28764,15
13;28516,33
14;28848,07
15;28511,05
16;27565,13
17;25785,66
18;21687,24
19;8299,48
20;-18,33
21;-18,33
22;-18,33
23;-18,33
0;-18,33
1;-18,33
2;-18,33
3;-18,33
4;-18,33
5;-18,33
6;-18,33
7;11634,32
8;22539,98
9;25880,41
10;27423,02
11;28043,91
12;28764,57
13;28829,96
14;28730,47
15;28309,34
16;27617,23
17;25965,43
18;21713,00
19;7913,84
20;-18,33
21;-18,33
22;-18,33
23;-18,33
0;-18,33
1;-18,33
2;-18,33
3;-18,33
4;-18,33
5;-18,33
6;-18,33
7;11643,93
8;22717,06
9;26385,55
10;27846,45
11;28599,38
12;29043,75
13;28657,10
14;28722,96
15;28820,68
16;28021,02
17;25990,25
18;21796,96
19;7566,12
20;-18,33
21;-18,33
22;-18,33
23;-18,33
0;-18,33
1;-18,33
2;-18,33
3;-18,33
4;-18,33
5;-18,33
6;-18,33
7;133,21
8;1638,84
9;4045,13
10;9406,59
11;28195,14
12;28385,08
13;28724,80
14;28628,65
15;28597,62
16;27856,24
17;26000,78
18;21646,48
19;6995,21
20;-18,33
21;-18,33
22;-18,33
23;-18,33
0;-18,33
1;-18,33
2;-18,33
3;-18,33
4;-18,33
5;-18,33
6;-18,33
7;11035,30
8;22507,36
9;26232,58
10;27938,23
11;28543,77
12;28823,68
13;28874,96
14;28641,61
15;28500,61
16;27756,37
17;25837,94
18;21595,67
19;6373,74
20;-18,33
21;-18,33
22;-18,33
23;-18,33
0;-18,33
1;-18,33
2;-18,33
3;-18,33
4;-18,33
5;-18,33
6;-18,33
7;41,50
8;1294,76
9;2772,63
10;5612,96
11;27761,46
12;28547,68
13;28784,11
14;28955,44
15;28727,31
16;27945,53
17;25952,18
18;21472,39
19;5760,75
20;-18,33
21;-18,33
22;-18,33
23;-18,33
0;-18,33
1;-18,33
2;-18,33
3;-18,33
4;-18,33
5;-18,33
6;-18,33
7;27,73
8;1114,50
9;2831,26
10;7408,76
11;27831,56
12;28099,03
13;28345,82
14;28338,49
15;28488,87
16;27647,60
17;25742,57
18;21287,24
19;5032,38
20;-18,33
21;-18,33
22;-18,33
23;-18,33
0;-18,33
1;-18,33
2;-18,33
3;-18,33
4;-18,33
5;-18,33
6;-18,33
7;10059,68
8;22188,64
9;25832,63
10;27611,04
11;27996,61
12;28440,83
13;28410,42
14;28421,52
15;28341,72
16;27566,87
17;25764,63
18;21156,45
19;4149,07
20;-18,33
21;-18,33
22;-18,33
23;-18,33
0;-18,33
1;-18,33
2;-18,33
3;-18,33
4;-18,33
5;-18,33
6;-18,33
7;9898,99
8;22073,12
9;26006,38
10;27701,79
11;28403,48
12;28433,43
13;28541,10
14;28337,24
15;28260,59
16;27494,19
17;25610,43
18;21020,96
19;-18,33
20;-18,33
21;-18,33
22;-18,33
23;-18,33
0;-18,33
1;-18,33
2;-18,33
3;-18,33
4;-18,33
5;-18,33
6;-18,33
7;20,27
8;21907,65
9;25640,63
10;27169,90
11;27989,94
12;28132,49
13;28145,76
14;28398,01
15;28226,49
16;27421,19
17;25466,62
18;20800,31
19;-18,33
20;-18,33
21;-18,33
22;-18,33
23;-18,33
0;-18,33
1;-18,33
2;-18,33
3;-18,33
4;-18,33
5;-18,33
6;-18,33
7;21,02
8;1373,49
9;4075,37
10;27169,77
11;27722,69
12;27849,40
13;28074,70
14;28257,01
15;28201,15
16;27403,97
17;25395,53
18;20716,79
19;-18,33
20;-18,33
21;-18,33
22;-18,33
23;-18,33
0;-18,33
1;-18,33
2;-18,33
3;-18,33
4;-18,33
5;-18,33
6;-18,33
7;31,23
8;1112,95
9;2202,90
10;4423,73
11;27759,51
12;27892,76
13;27954,24
14;28071,90
15;27718,55
16;27081,14
17;25038,65
18;20299,60
19;-18,33
20;-18,33
21;-18,33
22;-18,33
23;-18,33
0;-18,33
1;-18,33
2;-18,33
3;-18,33
4;-18,33
5;-18,33
6;-18,33
7;8474,33
8;21467,88
9;25358,97
10;26753,79
11;27336,97
12;27704,41
13;27742,13
14;27705,61
15;27582,93
16;26908,68
17;24865,19
18;20012,12
19;-18,33
20;-18,33
21;-18,33
22;-18,33
23;-18,33
0;-18,33
1;-18,33
2;-18,33
3;-18,33
4;-18,33
5;-18,33
6;-18,33
7;8280,71
8;21549,16
9;25300,37
10;26601,94
11;27393,41
12;27770,05
13;27572,33
14;27601,26
15;27501,38
16;26984,41
17;25019,27
18;19968,31
19;-18,33
20;-18,33
21;-18,33
22;-18,33
23;-18,33
0;-18,33
1;-18,33
2;-18,33
3;-18,33
4;-18,33
5;-18,33
6;-18,33
7;40,73
8;1851,30
9;25232,11
10;26750,24
11;27727,19
12;27841,84
13;27882,08
14;27747,61
15;27478,37
16;26837,56
17;24923,62
18;19940,72
19;-18,33
20;-18,33
21;-18,33
22;-18,33
23;-18,33
0;-18,33
1;-18,33
2;-18,33
3;-18,33
4;-18,33
5;-18,33
6;-18,33
7;-10,85
8;1520,03
9;25361,52
10;26349,00
11;26783,09
12;27599,00
13;27871,23
14;27769,57
15;27635,77
16;27050,79
17;25111,80
18;20016,36
19;-18,33
20;-18,33
21;-18,33
22;-18,33
23;-18,33
0;-18,33
1;-18,33
2;-18,33
3;-18,33
4;-18,33
5;-18,33
6;-18,33
7;7613,32
8;21693,14
9;25300,18
10;26784,59
11;27532,81
12;27709,11
13;27560,79
14;27722,40
15;27569,37
16;26693,94
17;24892,86
18;19810,14
19;-18,33
20;-18,33
21;-18,33
22;-18,33
23;-18,33
0;-18,33
1;-18,33
2;-18,33
3;-18,33
4;-18,33
5;-18,33
6;-18,33
7;7,95
8;1157,62
9;3803,78
10;26356,06
11;26802,62
12;27163,46
13;13530,79
14;11399,66
15;13583,49
16;26849,72
17;24796,35
18;19341,23
19;-18,33
20;-18,33
21;-18,33
22;-18,33
23;-18,33
0;-18,33
1;-18,33
2;-18,33
3;-18,33
4;-18,33
5;-18,33
6;-18,33
7;45,68
8;21576,63
9;25449,82
10;26542,65
11;26826,83
12;27291,95
13;27473,98
14;27437,70
15;27418,08
16;26889,49
17;24769,17
18;19307,79
19;-18,33
20;-18,33
21;-18,33
22;-18,33
23;-18,33
0;-18,33
1;-18,33
2;-18,33
3;-18,33
4;-18,33
5;-18,33
6;-18,33
7;-18,33
8;1584,30
9;3472,98
10;9764,01
11;27442,38
12;27062,49
13;16961,14
14;15841,21
15;11248,30
16;5349,01
17;4673,42
18;19128,06
19;-18,33
20;-18,33
21;-18,33
22;-18,33
23;-18,33
0;-18,33
1;-18,33
2;-18,33
3;-18,33
4;-18,33
5;-18,33
6;-18,33
7;-18,33
8;859,20
9;1544,74
10;2315,38
11;4401,75
12;5523,60
13;6461,71
14;7864,87
15;12747,11
16;8058,43
17;4444,83
18;18802,73
19;-18,33
20;-18,33
21;-18,33
22;-18,33
23;-18,33
0;-18,33
1;-18,33
2;-18,33
3;-18,33
4;-18,33
5;-18,33
6;-18,33
7;-18,33
8;1002,02
9;4117,36
10;26233,23
11;26898,79
12;26400,12
13;26777,38
14;27114,71
15;27071,13
16;26539,12
17;24508,37
18;18687,81
19;-18,33
20;-18,33
21;-18,33
22;-18,33
23;-18,33
0;-18,33
1;-18,33
2;-18,33
3;-18,33
4;-18,33
5;-18,33
6;-18,33
7;-18,33
8;20747,53
9;24694,80
10;10120,62
11;13148,36
12;16244,96
13;14451,24
14;13753,26
15;9157,42
16;5710,61
17;3099,59
18;18395,95
19;-18,33
20;-18,33
21;-18,33
22;-18,33
23;-18,33
0;-18,33
1;-18,33
2;-18,33
3;-18,33
4;-18,33
5;-18,33
6;-18,33
7;-18,33
8;895,62
9;1934,96
10;9248,69
11;5653,65
12;12715,91
13;11825,18
14;7060,14
15;3861,06
16;7402,96
17;3769,53
18;17804,04
19;-18,33
20;-18,33
21;-18,33
22;-18,33
23;-18,33
0;-18,33
1;-18,33
2;-18,33
3;-18,33
4;-18,33
5;-18,33
6;-18,33
7;-18,33
8;1622,80
9;2114,88
10;7038,73
11;1790,69
12;2124,59
13;2214,07
14;2036,77
15;26726,31
16;26118,23
17;23905,20
18;17609,39
19;-18,33
20;-18,33
21;-18,33
22;-18,33
23;-18,33
0;-18,33
1;-18,33
2;-18,33
3;-18,33
4;-18,33
5;-18,33
6;-18,33
7;-18,33
8;21056,88
9;24902,63
10;25950,42
11;26463,46
12;26937,85
13;11851,67
14;10672,41
15;10564,57
16;26278,29
17;24018,22
18;17862,04
19;-18,33
20;-18,33
21;-18,33
22;-18,33
23;-18,33
0;-18,33
1;-18,33
2;-18,33
3;-18,33
4;-18,33
5;-18,33
6;-18,33
7;-18,33
8;20943,90
9;24786,61
10;26043,97
11;26904,07
12;26805,93
13;12707,15
14;27200,74
15;26815,21
16;26064,96
17;23967,80
18;17703,56
19;-18,33
20;-18,33
21;-18,33
22;-18,33
23;-18,33
0;-18,33
1;-18,33
2;-18,33
3;-18,33
4;-18,33
5;-18,33
6;-18,33
7;-18,33
8;20856,04
9;24703,23
10;25846,46
11;26521,43
12;26980,62
13;26699,54
14;26873,67
15;26698,30
16;25900,70
17;23732,27
18;17442,38
19;-18,33
20;-18,33
21;-18,33
22;-18,33
23;-18,33
0;-18,33
1;-18,33
2;-18,33
3;-18,33
4;-18,33
5;-18,33
6;-18,33
7;-18,33
8;1088,13
9;24692,19
10;26014,28
11;26647,53
12;26696,59
13;26779,10
14;26688,68
15;26728,61
16;25883,46
17;23734,91
18;17293,60
19;-18,33
20;-18,33
21;-18,33
22;-18,33
23;-18,33
0;-18,33
1;-18,33
2;-18,33
3;-18,33
4;-18,33
5;-18,33
6;-18,33
7;-18,33
8;690,82
9;1602,85
10;2147,41
11;3587,57
12;5233,07
13;5705,37
14;5177,69
15;4340,05
16;3836,72
17;2800,36
18;17337,69
19;-18,33
20;-18,33
21;-18,33
22;-18,33
23;-18,33
0;-18,33
1;-18,33
2;-18,33
3;-18,33
4;-18,33
5;-18,33
6;-18,33
7;-18,33
8;21390,54
9;25423,24
10;26688,43
11;26905,78
12;26880,79
13;27045,18
14;27071,58
15;27056,06
16;26275,95
17;24146,56
18;17313,74
19;-18,33
20;-18,33
21;-18,33
22;-18,33
23;-18,33
0;-18,33
1;-18,33
2;-18,33
3;-18,33
4;-18,33
5;-18,33
6;-18,33
7;-18,33
8;1248,42
9;2651,22
10;2584,13
11;3149,05
12;6379,47
13;27278,92
14;27309,96
15;27240,44
16;26389,50
17;24021,46
18;17155,00
19;-18,33
20;-18,33
21;-18,33
22;-18,33
23;-18,33
0;-18,33
1;-18,33
2;-18,33
3;-18,33
4;-18,33
5;-18,33
6;-18,33
7;-18,33
8;690,64
9;2126,44
10;4517,69
11;26815,40
12;27016,35
13;27157,34
14;27155,86
15;26975,42
16;26244,92
17;23935,85
18;16896,68
19;-18,33
20;-18,33
21;-18,33
22;-18,33
23;-18,33
0;-18,33
1;-18,33
2;-18,33
3;-18,33
4;-18,33
5;-18,33
6;-18,33
7;-18,33
8;716,90
9;1676,80
10;2322,58
11;4873,93
12;5040,97
13;11100,70
14;27082,04
15;26953,35
16;26288,91
17;23870,63
18;16576,56
19;-18,33
20;-18,33
21;-18,33
22;-18,33
23;-18,33
0;-18,33
1;-18,33
2;-18,33
3;-18,33
4;-18,33
5;-18,33
6;-18,33
7;-18,33
8;21509,73
9;25544,76
10;26764,34
11;27023,24
12;26982,07
13;26855,68
14;27097,54
15;26893,45
16;26205,42
17;23795,20
18;16368,40
19;-18,33
20;-18,33
21;-18,33
22;-18,33
23;-18,33
0;-18,33
1;-18,33
2;-18,33
3;-18,33
4;-18,33
5;-18,33
6;-18,33
7;-18,33
8;872,18
9;2004,44
10;5753,06
11;11629,01
12;27102,18
13;26965,18
14;27099,76
15;27211,99
16;26575,36
17;24182,88
18;16440,37
19;-18,33
20;-18,33
21;-18,33
22;-18,33
23;-18,33
0;-18,33
1;-18,33
2;-18,33
3;-18,33
4;-18,33
5;-18,33
6;-18,33
7;-18,33
8;674,09
9;1509,42
10;2340,15
11;27156,93
12;26701,44
13;26869,58
14;26988,86
15;27083,56
16;26276,48
17;1881,00
18;16068,21
19;-18,33
20;-18,33
21;-18,33
22;-18,33
23;-18,33
0;-18,33
1;-18,33
2;-18,33
3;-18,33
4;-18,33
5;-18,33
6;-18,33
7;-18,33
8;661,25
9;1635,98
10;2904,45
11;26408,66
12;26823,59
13;26796,74
14;26953,92
15;26770,92
16;26152,85
17;23716,76
18;15648,65
19;-18,33
20;-18,33
21;-18,33
22;-18,33
23;-18,33
0;-18,33
1;-18,33
2;-18,33
3;-18,33
4;-18,33
5;-18,33
6;-18,33
7;-18,33
8;21014,92
9;25180,52
10;26343,41
11;26660,95
12;26770,12
13;26588,93
14;26734,75
15;26534,95
16;25869,49
17;23413,82
18;15335,23
19;-18,33
20;-18,33
21;-18,33
22;-18,33
23;-18,33
0;-18,33
1;-18,33
2;-18,33
3;-18,33
4;-18,33
5;-18,33
6;-18,33
7;-18,33
8;1107,64
9;3381,93
10;26580,17
11;26672,68
12;26815,37
13;26786,28
14;26768,07
15;26731,32
16;26084,43
17;23585,89
18;15169,80
19;-18,33
20;-18,33
21;-18,33
22;-18,33
23;-18,33
0;-18,33
1;-18,33
2;-18,33
3;-18,33
4;-18,33
5;-18,33
6;-18,33
7;-18,33
8;20791,44
9;24578,21
10;26164,63
11;26462,29
12;26605,82
13;26469,73
14;26507,14
15;26420,42
16;25762,89
17;23257,33
18;14722,45
19;-18,33
20;-18,33
21;-18,33
22;-18,33
23;-18,33
0;-18,33
1;-18,33
2;-18,33
3;-18,33
4;-18,33
5;-18,33
6;-18,33
7;-18,33
8;795,93
9;2200,90
10;5119,74
11;25886,45
12;25653,18
13;26155,81
14;26480,75
15;26657,64
16;25897,12
17;23492,02
18;14515,03
19;-18,33
20;-18,33
21;-18,33
22;-18,33
23;-18,33
0;-18,33
1;-18,33
2;-18,33
3;-18,33
4;-18,33
5;-18,33
6;-18,33
7;-18,33
8;20572,51
9;24760,01
10;25648,79
11;25247,05
12;26006,36
13;25959,98
14;26222,52
15;26260,50
16;25537,59
17;23055,04
18;14123,27
19;-18,33
20;-18,33
21;-18,33
22;-18,33
23;-18,33
0;-18,33
1;-18,33
2;-18,33
3;-18,33
4;-18,33
5;-18,33
6;-18,33
7;-18,33
8;603,26
9;1552,05
10;2272,01
11;4069,94
12;6397,31
13;25968,88
14;26130,37
15;26153,73
16;25419,07
17;22995,51
18;13712,82
19;-18,33
20;-18,33
21;-18,33
22;-18,33
23;-18,33
0;-18,33
1;-18,33
2;-18,33
3;-18,33
4;-18,33
5;-18,33
6;-18,33
7;-18,33
8;20115,05
9;24491,89
10;25732,88
11;25931,01
12;25961,42
13;25811,81
14;26057,29
15;26172,32
16;25403,87
17;22591,15
18;13193,22
19;-18,33
20;-18,33
21;-18,33
22;-18,33
23;-18,33
0;-18,33
1;-18,33
2;-18,33
3;-18,33
4;-18,33
5;-18,33
6;-18,33
7;-18,33
8;20072,60
9;24595,07
10;25907,07
11;25892,77
12;25793,88
13;25902,57
14;25867,56
15;26006,77
16;25275,23
17;22501,48
18;12659,68
19;-18,33
20;-18,33
21;-18,33
22;-18,33
23;-18,33
0;-18,33
1;-18,33
2;-18,33
3;-18,33
4;-18,33
5;-18,33
6;-18,33
7;-18,33
8;1428,25
9;2792,90
10;5748,89
11;10083,95
12;13937,85
13;25773,65
14;25834,39
15;25728,36
16;6544,89
17;1700,82
18;12238,59
19;-18,33
20;-18,33
21;-18,33
22;-18,33
23;-18,33
0;-18,33
1;-18,33
2;-18,33
3;-18,33
4;-18,33
5;-18,33
6;-18,33
7;-18,33
8;20250,02
9;24638,16
10;25428,54
11;25803,12
12;25830,66
13;25854,21
14;26004,18
15;25920,32
16;25248,11
17;22627,80
18;12301,71
19;-18,33
20;-18,33
21;-18,33
22;-18,33
23;-18,33
0;-18,33
1;-18,33
2;-18,33
3;-18,33
4;-18,33
5;-18,33
6;-18,33
7;-18,33
8;20654,83
9;25126,74
10;26155,70
11;26272,19
12;26338,82
13;26245,61
14;26276,92
15;26315,00
16;25574,44
17;22853,94
18;12300,55
19;-18,33
20;-18,33
21;-18,33
22;-18,33
23;-18,33
0;-18,33
1;-18,33
2;-18,33
3;-18,33
4;-18,33
5;-18,33
6;-18,33
7;-18,33
8;580,12
9;1370,70
10;2085,09
11;8284,58
12;10143,87
13;25933,22
14;26218,60
15;26172,86
16;25480,38
17;22652,57
18;11637,87
19;-18,33
20;-18,33
21;-18,33
22;-18,33
23;-18,33
0;-18,33
1;-18,33
2;-18,33
3;-18,33
4;-18,33
5;-18,33
6;-18,33
7;-18,33
8;836,89
9;2084,48
10;3884,41
11;5565,33
12;10986,86
13;11257,24
14;9985,41
15;25955,82
16;25256,75
17;22415,63
18;10998,81
19;-18,33
20;-18,33
21;-18,33
22;-18,33
23;-18,33
0;-18,33
1;-18,33
2;-18,33
3;-18,33
4;-18,33
5;-18,33
6;-18,33
7;-18,33
8;19744,58
9;24456,76
10;25418,52
11;25659,78
12;25713,20
13;25709,50
14;25770,54
15;25848,87
16;25066,91
17;22244,20
18;10665,57
19;-18,33
20;-18,33
21;-18,33
22;-18,33
23;-18,33
0;-18,33
1;-18,33
2;-18,33
3;-18,33
4;-18,33
5;-18,33
6;-18,33
7;-18,33
8;20163,37
9;24732,75
10;25774,58
11;25770,17
12;25730,05
13;25624,87
14;25922,95
15;25986,84
16;25281,54
17;22465,80
18;10532,17
19;-18,33
20;-18,33
21;-18,33
22;-18,33
23;-18,33
0;-18,33
1;-18,33
2;-18,33
3;-18,33
4;-18,33
5;-18,33
6;-18,33
7;-18,33
8;683,56
9;1707,56
10;3358,60
11;26034,89
12;25874,46
13;25764,31
14;25846,59
15;25926,41
16;25143,69
17;22233,32
18;9999,23
19;-18,33
20;-18,33
21;-18,33
22;-18,33
23;-18,33
0;-18,33
1;-18,33
2;-18,33
3;-18,33
4;-18,33
5;-18,33
6;-18,33
7;-18,33
8;529,94
9;1635,54
10;2080,09
11;6932,49
12;25655,45
13;25554,49
14;25851,14
15;25410,76
16;25217,37
17;21930,94
18;9418,30
19;-18,33
20;-18,33
21;-18,33
22;-18,33
23;-18,33
0;-18,33
1;-18,33
2;-18,33
3;-18,33
4;-18,33
5;-18,33
6;-18,33
7;-18,33
8;942,84
9;2020,11
10;1352,92
11;3509,18
12;4552,15
13;2327,16
14;7808,34
15;5723,80
16;24435,55
17;21392,13
18;8501,12
19;-18,33
20;-18,33
21;-18,33
22;-18,33
23;-18,33
0;-18,33
1;-18,33
2;-18,33
3;-18,33
4;-18,33
5;-18,33
6;-18,33
7;-18,33
8;672,54
9;2532,94
10;25024,33
11;25171,14
12;24813,48
13;25009,89
14;25199,77
15;25270,03
16;24577,69
17;21496,46
18;8138,27
19;-18,33
20;-18,33
21;-18,33
22;-18,33
23;-18,33
0;-18,33
1;-18,33
2;-18,33
3;-18,33
4;-18,33
5;-18,33
6;-18,33
7;-18,33
8;18551,93
9;23636,99
10;24988,10
11;25307,25
12;24822,39
13;24843,85
14;25033,76
15;25249,44
16;24459,32
17;21324,00
18;7671,60
19;-18,33
20;-18,33
21;-18,33
22;-18,33
23;-18,33
0;-18,33
1;-18,33
2;-18,33
3;-18,33
4;-18,33
5;-18,33
6;-18,33
7;-18,33
8;762,30
9;2372,51
10;4147,62
11;25159,29
12;25100,89
13;24959,27
14;25118,75
15;25142,27
16;24393,07
17;21306,78
18;7288,80
19;-18,33
20;-18,33
21;-18,33
22;-18,33
23;-18,33
0;-18,33
1;-18,33
2;-18,33
3;-18,33
4;-18,33
5;-18,33
6;-18,33
7;-18,33
8;411,25
9;1188,78
10;1329,74
11;2578,63
12;3558,18
13;11013,68
14;25168,23
15;25357,95
16;24402,16
17;21309,41
18;6850,53
19;-18,33
20;-18,33
21;-18,33
22;-18,33
23;-18,33
0;-18,33
1;-18,33
2;-18,33
3;-18,33
4;-18,33
5;-18,33
6;-18,33
7;-18,33
8;18469,02
9;1449,40
10;4226,01
11;25026,01
12;24931,17
13;24960,59
14;25186,40
15;25179,15
16;24372,49
17;21161,61
18;6389,86
19;-18,33
20;-18,33
21;-18,33
22;-18,33
23;-18,33
0;-18,33
1;-18,33
2;-18,33
3;-18,33
4;-18,33
5;-18,33
6;-18,33
7;-18,33
8;605,63
9;1596,79
10;2317,54
11;24382,97
12;24474,47
13;24466,20
14;24574,89
15;24808,98
16;23949,58
17;20720,21
18;5720,06
19;-18,33
20;-18,33
21;-18,33
22;-18,33
23;-18,33
0;-18,33
1;-18,33
2;-18,33
3;-18,33
4;-18,33
5;-18,33
6;-18,33
7;-18,33
8;18393,56
9;23527,46
10;24501,06
11;24569,77
12;24663,20
13;9846,85
14;8715,49
15;6277,69
16;4528,83
17;1101,77
18;5226,25
19;-18,33
20;-18,33
21;-18,33
22;-18,33
23;-18,33
0;-18,33
1;-18,33
2;-18,33
3;-18,33
4;-18,33
5;-18,33
6;-18,33
7;-18,33
8;18344,03
9;23575,04
10;24705,23
11;25005,75
12;24974,90
13;25033,47
14;25226,34
15;25273,12
16;24437,16
17;21155,26
18;4963,91
19;-18,33
20;-18,33
21;-18,33
22;-18,33
23;-18,33
0;-18,33
1;-18,33
2;-18,33
3;-18,33
4;-18,33
5;-18,33
6;-18,33
7;-18,33
8;18716,17
9;23664,85
10;24955,15
11;24994,44
12;24928,38
13;24808,54
14;24971,83
15;25130,49
16;24366,55
17;21037,28
18;-18,33
19;-18,33
20;-18,33
21;-18,33
22;-18,33
23;-18,33
0;-18,33
1;-18,33
2;-18,33
3;-18,33
4;-18,33
5;-18,33
6;-18,33
7;-18,33
8;516,27
9;2277,50
10;5090,39
11;25161,65
12;24824,25
13;24948,00
14;25042,12
15;25318,02
16;24613,10
17;21329,41
18;-18,33
19;-18,33
20;-18,33
21;-18,33
22;-18,33
23;-18,33
0;-18,33
1;-18,33
2;-18,33
3;-18,33
4;-18,33
5;-18,33
6;-18,33
7;-18,33
8;18655,21
9;3186,02
10;5180,33
11;24634,45
12;24334,43
13;24271,77
14;24487,74
15;24814,30
16;24110,18
17;20630,86
18;-18,33
19;-18,33
20;-18,33
21;-18,33
22;-18,33
23;-18,33
0;-18,33
1;-18,33
2;-18,33
3;-18,33
4;-18,33
5;-18,33
6;-18,33
7;-18,33
8;166,28
9;2790,44
10;5625,46
11;8401,54
12;23603,18
13;23580,21
14;24532,07
15;24615,65
16;23878,71
17;20282,51
18;-18,33
19;-18,33
20;-18,33
21;-18,33
22;-18,33
23;-18,33
0;-18,33
1;-18,33
2;-18,33
3;-18,33
4;-18,33
5;-18,33
6;-18,33
7;-18,33
8;17602,76
9;23021,38
10;24270,95
11;24412,67
12;24135,35
13;24040,26
14;24345,04
15;24489,26
16;23712,76
17;20240,10
18;-18,33
19;-18,33
20;-18,33
21;-18,33
22;-18,33
23;-18,33
0;-18,33
1;-18,33
2;-18,33
3;-18,33
4;-18,33
5;-18,33
6;-18,33
7;-18,33
8;17460,71
9;23272,45
10;24529,91
11;24227,98
12;23892,97
13;23877,08
14;24190,76
15;24287,68
16;4215,47
17;19843,54
18;-18,33
19;-18,33
20;-18,33
21;-18,33
22;-18,33
23;-18,33
0;-18,33
1;-18,33
2;-18,33
3;-18,33
4;-18,33
5;-18,33
6;-18,33
7;-18,33
8;17830,26
9;23484,27
10;24206,31
11;24675,67
12;24243,27
13;24150,63
14;24423,71
15;24517,57
16;23851,42
17;20488,48
18;-18,33
19;-18,33
20;-18,33
21;-18,33
22;-18,33
23;-18,33
0;-18,33
1;-18,33
2;-18,33
3;-18,33
4;-18,33
5;-18,33
6;-18,33
7;-18,33
8;18016,09
9;23578,46
10;6647,40
11;8748,14
12;12059,24
13;24361,46
14;24549,53
15;8809,29
16;23936,83
17;20391,89
18;-18,33
19;-18,33
20;-18,33
21;-18,33
22;-18,33
23;-18,33
0;-18,33
1;-18,33
2;-18,33
3;-18,33
4;-18,33
5;-18,33
6;-18,33
7;-18,33
8;372,93
9;1185,96
10;1269,29
11;2032,03
12;3255,90
13;7265,76
14;24361,05
15;24546,22
16;23723,54
17;19990,99
18;-18,33
19;-18,33
20;-18,33
21;-18,33
22;-18,33
23;-18,33
0;-18,33
1;-18,33
2;-18,33
3;-18,33
4;-18,33
5;-18,33
6;-18,33
7;-18,33
8;487,27
9;1652,17
10;3758,23
11;7247,54
12;24090,86
13;24027,86
14;24421,22
15;24428,30
16;23547,46
17;19849,44
18;-18,33
19;-18,33
20;-18,33
21;-18,33
22;-18,33
23;-18,33
0;-18,33
1;-18,33
2;-18,33
3;-18,33
4;-18,33
5;-18,33
6;-18,33
7;-18,33
8;274,18
9;1225,26
10;1171,04
11;2104,81
12;3608,20
13;3553,88
14;1690,68
15;1867,48
16;3749,89
17;19540,84
18;-18,33
19;-18,33
20;-18,33
21;-18,33
22;-18,33
23;-18,33
0;-18,33
1;-18,33
2;-18,33
3;-18,33
4;-18,33
5;-18,33
6;-18,33
7;-18,33
8;314,17
9;1389,97
10;2300,43
11;23776,78
12;23206,65
13;23325,88
14;23893,30
15;24141,60
16;23383,77
17;19591,01
18;-18,33
19;-18,33
20;-18,33
21;-18,33
22;-18,33
23;-18,33
0;-18,33
1;-18,33
2;-18,33
3;-18,33
4;-18,33
5;-18,33
6;-18,33
7;-18,33
8;16880,81
9;22913,34
10;23847,26
11;23633,64
12;23357,82
13;23547,84
14;23926,81
15;24199,00
16;23413,49
17;19566,76
18;-18,33
19;-18,33
20;-18,33
21;-18,33
22;-18,33
23;-18,33
0;-18,33
1;-18,33
2;-18,33
3;-18,33
4;-18,33
5;-18,33
6;-18,33
7;-18,33
8;306,96
9;1120,54
10;1977,24
11;2920,09
12;23736,24
13;23729,73
14;23916,31
15;24001,67
16;23295,92
17;19463,95
18;-18,33
19;-18,33
20;-18,33
21;-18,33
22;-18,33
23;-18,33
0;-18,33
1;-18,33
2;-18,33
3;-18,33
4;-18,33
5;-18,33
6;-18,33
7;-18,33
8;330,77
9;1249,68
10;2326,26
11;23917,28
12;23451,07
13;23201,25
14;23534,79
15;23672,07
16;22841,54
17;18980,83
18;-18,33
19;-18,33
20;-18,33
21;-18,33
22;-18,33
23;-18,33
0;-18,33
1;-18,33
2;-18,33
3;-18,33
4;-18,33
5;-18,33
6;-18,33
7;-18,33
8;359,33
9;1455,80
10;2361,80
11;4862,22
12;7659,82
13;23200,05
14;23516,75
15;23686,56
16;22850,33
17;19047,07
18;-18,33
19;-18,33
20;-18,33
21;-18,33
22;-18,33
23;-18,33
0;-18,33
1;-18,33
2;-18,33
3;-18,33
4;-18,33
5;-18,33
6;-18,33
7;-18,33
8;228,92
9;1155,50
10;1546,74
11;2278,77
12;3554,21
13;9681,47
14;23429,49
15;23676,17
16;22920,89
17;18937,49
18;-18,33
19;-18,33
20;-18,33
21;-18,33
22;-18,33
23;-18,33
0;-18,33
1;-18,33
2;-18,33
3;-18,33
4;-18,33
5;-18,33
6;-18,33
7;-18,33
8;16106,36
9;22328,25
10;23508,16
11;23463,33
12;23069,62
13;23068,04
14;23390,87
15;23553,17
16;22777,65
17;18958,70
18;-18,33
19;-18,33
20;-18,33
21;-18,33
22;-18,33
23;-18,33
0;-18,33
1;-18,33
2;-18,33
3;-18,33
4;-18,33
5;-18,33
6;-18,33
7;-18,33
8;15820,34
9;22345,28
10;23726,77
11;23642,32
12;23269,04
13;10393,78
14;23688,73
15;5930,60
16;2614,35
17;19002,62
18;-18,33
19;-18,33
20;-18,33
21;-18,33
22;-18,33
23;-18,33
0;-18,33
1;-18,33
2;-18,33
3;-18,33
4;-18,33
5;-18,33
6;-18,33
7;-18,33
8;144,97
9;571,05
10;846,70
11;1181,88
12;2028,11
13;1421,56
14;2776,52
15;2480,87
16;1746,61
17;18607,48
18;-18,33
19;-18,33
20;-18,33
21;-18,33
22;-18,33
23;-18,33
0;-18,33
1;-18,33
2;-18,33
3;-18,33
4;-18,33
5;-18,33
6;-18,33
7;-18,33
8;176,98
9;929,69
10;1418,72
11;5440,55
12;6760,46
13;23190,39
14;23377,48
15;23610,27
16;22761,64
17;18679,17
18;-18,33
19;-18,33
20;-18,33
21;-18,33
22;-18,33
23;-18,33
0;-18,33
1;-18,33
2;-18,33
3;-18,33
4;-18,33
5;-18,33
6;-18,33
7;-18,33
8;199,22
9;917,56
10;1742,06
11;2605,59
12;6556,21
13;6781,87
14;5809,88
15;4376,70
16;2357,15
17;712,36
18;-18,33
19;-18,33
20;-18,33
21;-18,33
22;-18,33
23;-18,33
0;-18,33
1;-18,33
2;-18,33
3;-18,33
4;-18,33
5;-18,33
6;-18,33
7;-18,33
8;14468,59
9;21627,62
10;23492,11
11;23367,00
12;22762,32
13;22641,43
14;23034,11
15;23270,04
16;22397,54
17;18273,17
18;-18,33
19;-18,33
20;-18,33
21;-18,33
22;-18,33
23;-18,33
0;-18,33
1;-18,33
2;-18,33
3;-18,33
4;-18,33
5;-18,33
6;-18,33
7;-18,33
8;14594,43
9;21600,94
10;22784,43
11;22676,68
12;22406,77
13;22684,14
14;22871,46
15;23146,29
16;22389,56
17;18432,80
18;-18,33
19;-18,33
20;-18,33
21;-18,33
22;-18,33
23;-18,33
0;-18,33
1;-18,33
2;-18,33
3;-18,33
4;-18,33
5;-18,33
6;-18,33
7;-18,33
8;343,34
9;1881,10
10;3949,49
11;23180,63
12;22786,78
13;22695,94
14;23085,70
15;23434,66
16;22640,59
17;18484,90
18;-18,33
19;-18,33
20;-18,33
21;-18,33
22;-18,33
23;-18,33
0;-18,33
1;-18,33
2;-18,33
3;-18,33
4;-18,33
5;-18,33
6;-18,33
7;-18,33
8;204,03
9;1376,95
10;4061,23
11;7682,97
12;10311,70
13;10668,11
14;9133,34
15;4876,32
16;2620,04
17;18735,68
18;-18,33
19;-18,33
20;-18,33
21;-18,33
22;-18,33
23;-18,33
0;-18,33
1;-18,33
2;-18,33
3;-18,33
4;-18,33
5;-18,33
6;-18,33
7;-18,33
8;316,21
9;22077,23
10;23566,03
11;23289,07
12;22937,14
13;23019,23
14;23313,41
15;23493,37
16;22624,98
17;18450,77
18;-18,33
19;-18,33
20;-18,33
21;-18,33
22;-18,33
23;-18,33
0;-18,33
1;-18,33
2;-18,33
3;-18,33
4;-18,33
5;-18,33
6;-18,33
7;-18,33
8;15007,47
9;22259,56
10;23501,26
11;23389,39
12;23179,58
13;23196,15
14;23623,34
15;23742,52
16;22894,54
17;18736,29
18;-18,33
19;-18,33
20;-18,33
21;-18,33
22;-18,33
23;-18,33
0;-18,33
1;-18,33
2;-18,33
3;-18,33
4;-18,33
5;-18,33
6;-18,33
7;-18,33
8;14968,35
9;22444,74
10;23543,33
11;23130,38
12;23128,81
13;23004,94
14;23302,22
15;23568,90
16;22784,60
17;18671,40
18;-18,33
19;-18,33
20;-18,33
21;-18,33
22;-18,33
23;-18,33
0;-18,33
1;-18,33
2;-18,33
3;-18,33
4;-18,33
5;-18,33
6;-18,33
7;-18,33
8;14261,53
9;21625,56
10;22850,96
11;22758,14
12;22489,52
13;22567,75
14;22845,41
15;22994,33
16;22177,59
17;18056,94
18;-18,33
19;-18,33
20;-18,33
21;-18,33
22;-18,33
23;-18,33
0;-18,33
1;-18,33
2;-18,33
3;-18,33
4;-18,33
5;-18,33
6;-18,33
7;-18,33
8;13965,09
9;21848,24
10;23469,19
11;7267,74
12;9856,98
13;23190,57
14;23489,36
15;23720,34
16;22865,69
17;18750,24
18;-18,33
19;-18,33
20;-18,33
21;-18,33
22;-18,33
23;-18,33
0;-18,33
1;-18,33
2;-18,33
3;-18,33
4;-18,33
5;-18,33
6;-18,33
7;-18,33
8;346,48
9;22300,05
10;23900,25
11;23844,66
12;23282,35
13;9237,01
14;8904,03
15;23934,73
16;3081,60
17;19127,77
18;-18,33
19;-18,33
20;-18,33
21;-18,33
22;-18,33
23;-18,33
0;-18,33
1;-18,33
2;-18,33
3;-18,33
4;-18,33
5;-18,33
6;-18,33
7;-18,33
8;151,25
9;22696,84
10;4015,76
11;24092,77
12;23548,59
13;23381,65
14;23728,71
15;24039,22
16;23213,11
17;19006,93
18;-18,33
19;-18,33
20;-18,33
21;-18,33
22;-18,33
23;-18,33
0;-18,33
1;-18,33
2;-18,33
3;-18,33
4;-18,33
5;-18,33
6;-18,33
7;-18,33
8;42,24
9;1152,36
10;1971,97
11;4244,95
12;23540,89
13;23376,02
14;23591,50
15;23745,72
16;22887,12
17;18778,55
18;-18,33
19;-18,33
20;-18,33
21;-18,33
22;-18,33
23;-18,33
0;-18,33
1;-18,33
2;-18,33
3;-18,33
4;-18,33
5;-18,33
6;-18,33
7;-18,33
8;79,13
9;1889,03
10;23486,08
11;23376,13
12;22926,27
13;22796,80
14;23137,23
15;23357,29
16;22525,88
17;18275,39
18;-18,33
19;-18,33
20;-18,33
21;-18,33
22;-18,33
23;-18,33
0;-18,33
1;-18,33
2;-18,33
3;-18,33
4;-18,33
5;-18,33
6;-18,33
7;-18,33
8;-18,33
9;957,80
10;1558,64
11;23062,46
12;22678,57
13;22568,57
14;23076,71
15;23342,59
16;22621,87
17;18465,74
18;-18,33
19;-18,33
20;-18,33
21;-18,33
22;-18,33
23;-18,33
0;-18,33
1;-18,33
2;-18,33
3;-18,33
4;-18,33
5;-18,33
6;-18,33
7;-18,33
8;129,14
9;21833,74
10;23146,46
11;23000,38
12;22476,07
13;22502,46
14;22905,93
15;23145,03
16;22347,57
17;18307,30
18;-18,33
19;-18,33
20;-18,33
21;-18,33
22;-18,33
23;-18,33
0;-18,33
1;-18,33
2;-18,33
3;-18,33
4;-18,33
5;-18,33
6;-18,33
7;-18,33
8;122,25
9;21331,37
10;22753,96
11;22873,19
12;22812,84
13;22645,58
14;22878,45
15;23074,41
16;22260,53
17;18121,61
18;-18,33
19;-18,33
20;-18,33
21;-18,33
22;-18,33
23;-18,33
0;-18,33
1;-18,33
2;-18,33
3;-18,33
4;-18,33
5;-18,33
6;-18,33
7;-18,33
8;113,67
9;21456,06
10;22890,55
11;22887,67
12;22557,58
13;22424,66
14;22741,34
15;22981,34
16;22256,10
17;18336,66
18;-18,33
19;-18,33
20;-18,33
21;-18,33
22;-18,33
23;-18,33
0;-18,33
1;-18,33
2;-18,33
3;-18,33
4;-18,33
5;-18,33
6;-18,33
7;-18,33
8;109,95
9;21679,72
10;23154,13
11;23176,96
12;22729,06
13;22541,59
14;22833,81
15;23058,71
16;22238,66
17;18213,78
18;-18,33
19;-18,33
20;-18,33
21;-18,33
22;-18,33
23;-18,33
0;-18,33
1;-18,33
2;-18,33
3;-18,33
4;-18,33
5;-18,33
6;-18,33
7;-18,33
8;108,51
9;21447,60
10;23101,89
11;23229,21
12;22755,63
13;22593,92
14;22937,63
15;23225,44
16;22388,80
17;18395,35
18;-18,33
19;-18,33
20;-18,33
21;-18,33
22;-18,33
23;-18,33
0;-18,33
1;-18,33
2;-18,33
3;-18,33
4;-18,33
5;-18,33
6;-18,33
7;-18,33
8;101,17
9;22194,21
10;23630,92
11;23328,94
12;22608,39
13;22586,92
14;23202,59
15;23441,87
16;22725,85
17;18796,52
18;-18,33
19;-18,33
20;-18,33
21;-18,33
22;-18,33
23;-18,33
0;-18,33
1;-18,33
2;-18,33
3;-18,33
4;-18,33
5;-18,33
6;-18,33
7;-18,33
8;96,41
9;22725,90
10;24039,36
11;23325,36
12;22844,87
13;23088,05
14;23375,54
15;23676,37
16;23029,15
17;19131,94
18;-18,33
19;-18,33
20;-18,33
21;-18,33
22;-18,33
23;-18,33
0;-18,33
1;-18,33
2;-18,33
3;-18,33
4;-18,33
5;-18,33
6;-18,33
7;-18,33
8;98,67
9;1019,85
10;2228,88
11;3443,11
12;23251,07
13;23117,23
14;23544,88
15;23782,08
16;23033,84
17;18884,87
18;-18,33
19;-18,33
20;-18,33
21;-18,33
22;-18,33
23;-18,33
0;-18,33
1;-18,33
2;-18,33
3;-18,33
4;-18,33
5;-18,33
6;-18,33
7;-18,33
8;92,05
9;751,59
10;1627,60
11;22991,02
12;22759,51
13;22589,11
14;22983,28
15;23438,16
16;22665,94
17;18573,77
18;-18,33
19;-18,33
20;-18,33
21;-18,33
22;-18,33
23;-18,33
0;-18,33
1;-18,33
2;-18,33
3;-18,33
4;-18,33
5;-18,33
6;-18,33
7;-18,33
8;83,50
9;22574,05
10;23747,01
11;23300,64
12;22455,04
13;22206,67
14;22814,65
15;23330,44
16;22740,51
17;18924,69
18;-18,33
19;-18,33
20;-18,33
21;-18,33
22;-18,33
23;-18,33
0;-18,33
1;-18,33
2;-18,33
3;-18,33
4;-18,33
5;-18,33
6;-18,33
7;-18,33
8;83,11
9;22027,44
10;23861,37
11;7032,88
12;9387,88
13;22806,02
14;23193,94
15;23571,88
16;22868,33
17;18840,31
18;-18,33
19;-18,33
20;-18,33
21;-18,33
22;-18,33
23;-18,33
0;-18,33
1;-18,33
2;-18,33
3;-18,33
4;-18,33
5;-18,33
6;-18,33
7;-18,33
8;78,01
9;1791,92
10;23629,40
11;23252,05
12;22721,19
13;22621,61
14;22907,59
15;23240,66
16;22585,18
17;18666,54
18;-18,33
19;-18,33
20;-18,33
21;-18,33
22;-18,33
23;-18,33
0;-18,33
1;-18,33
2;-18,33
3;-18,33
4;-18,33
5;-18,33
6;-18,33
7;-18,33
8;-10,39
9;1082,79
10;2518,99
11;4543,02
12;8844,53
13;22003,05
14;22540,14
15;22836,04
16;21858,63
17;18020,29
18;-18,33
19;-18,33
20;-18,33
21;-18,33
22;-18,33
23;-18,33
0;-18,33
1;-18,33
2;-18,33
3;-18,33
4;-18,33
5;-18,33
6;-18,33
7;-18,33
8;73,27
9;896,34
10;2019,32
11;3161,55
12;22314,77
13;22150,26
14;22458,94
15;5775,69
16;3077,21
17;909,92
18;-18,33
19;-18,33
20;-18,33
21;-18,33
22;-18,33
23;-18,33
0;-18,33
1;-18,33
2;-18,33
3;-18,33
4;-18,33
5;-18,33
6;-18,33
7;-18,33
8;-18,33
9;628,21
10;1013,10
11;22918,09
12;22143,41
13;21683,05
14;22086,26
15;22841,39
16;22269,38
17;18306,22
18;-18,33
19;-18,33
20;-18,33
21;-18,33
22;-18,33
23;-18,33
0;-18,33
1;-18,33
2;-18,33
3;-18,33
4;-18,33
5;-18,33
6;-18,33
7;-18,33
8;65,00
9;21191,71
10;22913,73
11;22594,17
12;22250,00
13;22303,29
14;22715,12
15;23016,97
16;22264,07
17;18202,74
18;-18,33
19;-18,33
20;-18,33
21;-18,33
22;-18,33
23;-18,33
0;-18,33
1;-18,33
2;-18,33
3;-18,33
4;-18,33
5;-18,33
6;-18,33
7;-18,33
8;68,20
9;21309,25
10;23143,18
11;22799,46
12;22564,77
13;22671,26
14;22970,76
15;23194,90
16;22508,78
17;18674,20
18;-18,33
19;-18,33
20;-18,33
21;-18,33
22;-18,33
23;-18,33
0;-18,33
1;-18,33
2;-18,33
3;-18,33
4;-18,33
5;-18,33
6;-18,33
7;-18,33
8;69,88
9;21809,81
10;23582,69
11;23516,76
12;23034,41
13;22729,42
14;22927,50
15;23277,70
16;22773,25
17;19049,89
18;-18,33
19;-18,33
20;-18,33
21;-18,33
22;-18,33
23;-18,33
0;-18,33
1;-18,33
2;-18,33
3;-18,33
4;-18,33
5;-18,33
6;-18,33
7;-18,33
8;-18,33
9;877,04
10;1523,86
11;23878,44
12;23264,03
13;22948,39
14;23080,47
15;23246,81
16;22711,33
17;18844,44
18;-18,33
19;-18,33
20;-18,33
21;-18,33
22;-18,33
23;-18,33
0;-18,33
1;-18,33
2;-18,33
3;-18,33
4;-18,33
5;-18,33
6;-18,33
7;-18,33
8;-18,33
9;492,01
10;1248,98
11;3393,33
12;5703,62
13;8104,26
14;7933,00
15;4193,88
16;1945,80
17;18724,96
18;-18,33
19;-18,33
20;-18,33
21;-18,33
22;-18,33
23;-18,33
0;-18,33
1;-18,33
2;-18,33
3;-18,33
4;-18,33
5;-18,33
6;-18,33
7;-18,33
8;-18,33
9;879,67
10;3067,44
11;23213,13
12;22717,27
13;22561,58
14;23007,61
15;23404,39
16;22829,60
17;19059,91
18;-18,33
19;-18,33
20;-18,33
21;-18,33
22;-18,33
23;-18,33
0;-18,33
1;-18,33
2;-18,33
3;-18,33
4;-18,33
5;-18,33
6;-18,33
7;-18,33
8;60,58
9;21709,76
10;23361,25
11;23212,96
12;22781,58
13;22720,04
14;23022,97
15;23338,62
16;22815,72
17;19111,82
18;-18,33
19;-18,33
20;-18,33
21;-18,33
22;-18,33
23;-18,33
0;-18,33
1;-18,33
2;-18,33
3;-18,33
4;-18,33
5;-18,33
6;-18,33
7;-18,33
8;59,36
9;1416,94
10;3509,17
11;23162,61
12;22611,68
13;22649,89
14;23130,89
15;23389,99
16;22710,48
17;18883,02
18;-18,33
19;-18,33
20;-18,33
21;-18,33
22;-18,33
23;-18,33
0;-18,33
1;-18,33
2;-18,33
3;-18,33
4;-18,33
5;-18,33
6;-18,33
7;-18,33
8;-18,33
9;897,85
10;1547,08
11;3825,38
12;8059,08
13;22366,13
14;22716,77
15;22975,78
16;22414,29
17;18682,60
18;-18,33
19;-18,33
20;-18,33
21;-18,33
22;-18,33
23;-18,33
0;-18,33
1;-18,33
2;-18,33
3;-18,33
4;-18,33
5;-18,33
6;-18,33
7;-18,33
8;55,80
9;21619,89
10;23248,96
11;22873,41
12;22564,52
13;22670,79
14;22936,20
15;23270,45
16;22671,50
17;19074,83
18;-18,33
19;-18,33
20;-18,33
21;-18,33
22;-18,33
23;-18,33
0;-18,33
1;-18,33
2;-18,33
3;-18,33
4;-18,33
5;-18,33
6;-18,33
7;-18,33
8;-18,33
9;982,95
10;1909,14
11;22494,31
12;22570,41
13;22319,56
14;22649,00
15;23083,30
16;22463,72
17;18776,92
18;-18,33
19;-18,33
20;-18,33
21;-18,33
22;-18,33
23;-18,33
0;-18,33
1;-18,33
2;-18,33
3;-18,33
4;-18,33
5;-18,33
6;-18,33
7;-18,33
8;-18,33
9;1304,12
10;22905,54
11;23131,90
12;22571,21
13;7503,03
14;6223,62
15;2476,81
16;2172,49
17;18558,82
18;-18,33
19;-18,33
20;-18,33
21;-18,33
22;-18,33
23;-18,33
0;-18,33
1;-18,33
2;-18,33
3;-18,33
4;-18,33
5;-18,33
6;-18,33
7;-18,33
8;-18,33
9;1293,63
10;3738,36
11;5948,04
12;6243,75
13;4896,41
14;5040,67
15;3889,04
16;563,05
17;18095,92
18;-18,33
19;-18,33
20;-18,33
21;-18,33
22;-18,33
23;-18,33
0;-18,33
1;-18,33
2;-18,33
3;-18,33
4;-18,33
5;-18,33
6;-18,33
7;-18,33
8;-18,33
9;1063,62
10;3826,07
11;22908,61
12;22591,58
13;22338,42
14;22617,98
15;5544,15
16;22205,81
17;18620,11
18;-18,33
19;-18,33
20;-18,33
21;-18,33
22;-18,33
23;-18,33
0;-18,33
1;-18,33
2;-18,33
3;-18,33
4;-18,33
5;-18,33
6;-18,33
7;-18,33
8;62,72
9;21136,40
10;22887,87
11;22511,58
12;21979,51
13;22111,80
14;22562,94
15;22827,17
16;22295,08
17;18899,60
18;-18,33
19;-18,33
20;-18,33
21;-18,33
22;-18,33
23;-18,33
0;-18,33
1;-18,33
2;-18,33
3;-18,33
4;-18,33
5;-18,33
6;-18,33
7;-18,33
8;-18,33
9;1367,07
10;1828,02
11;4238,87
12;4322,51
13;6587,54
14;8534,02
15;1099,30
16;3181,85
17;18992,26
18;-18,33
19;-18,33
20;-18,33
21;-18,33
22;-18,33
23;-18,33
0;-18,33
1;-18,33
2;-18,33
3;-18,33
4;-18,33
5;-18,33
6;-18,33
7;-18,33
8;2,47
9;2075,97
10;4325,60
11;22971,33
12;22465,75
13;22313,63
14;22598,89
15;23043,91
16;22485,38
17;19035,22
18;-18,33
19;-18,33
20;-18,33
21;-18,33
22;-18,33
23;-18,33
0;-18,33
1;-18,33
2;-18,33
3;-18,33
4;-18,33
5;-18,33
6;-18,33
7;-18,33
8;-18,33
9;849,11
10;3456,80
11;5162,10
12;7572,17
13;4979,59
14;4143,94
15;4264,33
16;2783,71
17;19084,85
18;-18,33
19;-18,33
20;-18,33
21;-18,33
22;-18,33
23;-18,33
0;-18,33
1;-18,33
2;-18,33
3;-18,33
4;-18,33
5;-18,33
6;-18,33
7;-18,33
8;-18,33
9;1673,78
10;2082,95
11;1503,24
12;2104,66
13;1542,71
14;1363,00
15;2128,38
16;1221,35
17;410,77
18;-18,33
19;-18,33
20;-18,33
21;-18,33
22;-18,33
23;-18,33
0;-18,33
1;-18,33
2;-18,33
3;-18,33
4;-18,33
5;-18,33
6;-18,33
7;-18,33
8;-18,33
9;583,43
10;22972,39
11;22943,17
12;22610,02
13;22720,91
14;22960,85
15;23213,28
16;22591,82
17;19175,15
18;-18,33
19;-18,33
20;-18,33
21;-18,33
22;-18,33
23;-18,33
0;-18,33
1;-18,33
2;-18,33
3;-18,33
4;-18,33
5;-18,33
6;-18,33
7;-18,33
8;75,62
9;21695,23
10;23506,52
11;23270,28
12;22677,12
13;22888,53
14;23074,12
15;23266,48
16;22577,55
17;19179,03
18;-18,33
19;-18,33
20;-18,33
21;-18,33
22;-18,33
23;-18,33
0;-18,33
1;-18,33
2;-18,33
3;-18,33
4;-18,33
5;-18,33
6;-18,33
7;-18,33
8;84,81
9;22015,02
10;23813,41
11;23532,05
12;22862,62
13;10108,25
14;10104,13
15;5361,48
16;3313,93
17;19603,07
18;-18,33
19;-18,33
20;-18,33
21;-18,33
22;-18,33
23;-18,33
0;-18,33
1;-18,33
2;-18,33
3;-18,33
4;-18,33
5;-18,33
6;-18,33
7;-18,33
8;90,56
9;22152,54
10;23964,73
11;23672,82
12;22938,69
13;23372,82
14;23622,56
15;23827,73
16;23168,64
17;19969,96
18;-18,33
19;-18,33
20;-18,33
21;-18,33
22;-18,33
23;-18,33
0;-18,33
1;-18,33
2;-18,33
3;-18,33
4;-18,33
5;-18,33
6;-18,33
7;-18,33
8;96,94
9;22013,01
10;23520,70
11;23371,67
12;23031,84
13;22932,21
14;23247,00
15;23518,66
16;22807,20
17;19706,22
18;-18,33
19;-18,33
20;-18,33
21;-18,33
22;-18,33
23;-18,33
0;-18,33
1;-18,33
2;-18,33
3;-18,33
4;-18,33
5;-18,33
6;-18,33
7;-18,33
8;102,32
9;21852,73
10;23496,93
11;23723,08
12;23324,83
13;23038,73
14;23231,35
15;23651,26
16;23096,58
17;19774,65
18;-18,33
19;-18,33
20;-18,33
21;-18,33
22;-18,33
23;-18,33
0;-18,33
1;-18,33
2;-18,33
3;-18,33
4;-18,33
5;-18,33
6;-18,33
7;-18,33
8;-18,33
9;744,76
10;2745,62
11;2400,71
12;4088,70
13;2680,54
14;3936,60
15;4917,16
16;22916,40
17;19721,59
18;-18,33
19;-18,33
20;-18,33
21;-18,33
22;-18,33
23;-18,33
0;-18,33
1;-18,33
2;-18,33
3;-18,33
4;-18,33
5;-18,33
6;-18,33
7;-18,33
8;113,14
9;22282,04
10;24039,37
11;23624,96
12;23395,31
13;23311,95
14;23562,38
15;23756,14
16;23192,18
17;20098,43
18;-18,33
19;-18,33
20;-18,33
21;-18,33
22;-18,33
23;-18,33
0;-18,33
1;-18,33
2;-18,33
3;-18,33
4;-18,33
5;-18,33
6;-18,33
7;-18,33
8;69,99
9;1759,04
10;2887,36
11;6041,89
12;5693,45
13;10238,37
14;9888,09
15;24298,02
16;23689,43
17;20452,21
18;-18,33
19;-18,33
20;-18,33
21;-18,33
22;-18,33
23;-18,33
0;-18,33
1;-18,33
2;-18,33
3;-18,33
4;-18,33
5;-18,33
6;-18,33
7;-18,33
8;-10,46
9;411,66
10;811,25
11;3681,74
12;5713,12
13;3147,43
14;5319,63
15;7470,81
16;23067,89
17;19989,59
18;-18,33
19;-18,33
20;-18,33
21;-18,33
22;-18,33
23;-18,33
0;-18,33
1;-18,33
2;-18,33
3;-18,33
4;-18,33
5;-18,33
6;-18,33
7;-18,33
8;129,35
9;22205,61
10;23734,58
11;23782,92
12;23501,88
13;23434,93
14;23724,72
15;24000,09
16;23490,12
17;20462,11
18;-18,33
19;-18,33
20;-18,33
21;-18,33
22;-18,33
23;-18,33
0;-18,33
1;-18,33
2;-18,33
3;-18,33
4;-18,33
5;-18,33
6;-18,33
7;-18,33
8;136,48
9;22656,29
10;24199,14
11;23826,34
12;23395,28
13;23941,19
14;24201,38
15;24230,76
16;23473,48
17;1320,55
18;5132,93
19;-18,33
20;-18,33
21;-18,33
22;-18,33
23;-18,33
0;-18,33
1;-18,33
2;-18,33
3;-18,33
4;-18,33
5;-18,33
6;-18,33
7;-18,33
8;66,43
9;1327,53
10;3472,44
11;23657,17
12;23608,77
13;23731,80
14;24033,33
15;24320,37
16;23841,60
17;21012,63
18;5771,74
19;-18,33
20;-18,33
21;-18,33
22;-18,33
23;-18,33
0;-18,33
1;-18,33
2;-18,33
3;-18,33
4;-18,33
5;-18,33
6;-18,33
7;-18,33
8;171,11
9;1340,18
10;2681,65
11;24454,40
12;23915,42
13;23610,80
14;23870,82
15;24136,75
16;23618,00
17;20658,95
18;5775,06
19;-18,33
20;-18,33
21;-18,33
22;-18,33
23;-18,33
0;-18,33
1;-18,33
2;-18,33
3;-18,33
4;-18,33
5;-18,33
6;-18,33
7;-18,33
8;153,08
9;1142,13
10;2394,76
11;24357,61
12;24002,74
13;23781,88
14;24026,55
15;24255,38
16;23740,91
17;20680,45
18;5913,50
19;-18,33
20;-18,33
21;-18,33
22;-18,33
23;-18,33
0;-18,33
1;-18,33
2;-18,33
3;-18,33
4;-18,33
5;-18,33
6;-18,33
7;-18,33
8;289,47
9;22952,97
10;5553,23
11;24118,24
12;23799,63
13;23812,14
14;24076,56
15;7424,92
16;4353,66
17;1541,18
18;6612,60
19;-18,33
20;-18,33
21;-18,33
22;-18,33
23;-18,33
0;-18,33
1;-18,33
2;-18,33
3;-18,33
4;-18,33
5;-18,33
6;-18,33
7;-18,33
8;15740,30
9;23197,95
10;24465,98
11;25426,18
12;24903,50
13;24552,02
14;24809,42
15;25038,75
16;24583,17
17;21792,41
18;7482,97
19;-18,33
20;-18,33
21;-18,33
22;-18,33
23;-18,33
0;-18,33
1;-18,33
2;-18,33
3;-18,33
4;-18,33
5;-18,33
6;-18,33
7;-18,33
8;128,60
9;708,06
10;855,64
11;1718,57
12;1883,52
13;2612,61
14;7894,67
15;3710,74
16;3882,52
17;1059,47
18;7048,36
19;-18,33
20;-18,33
21;-18,33
22;-18,33
23;-18,33
0;-18,33
1;-18,33
2;-18,33
3;-18,33
4;-18,33
5;-18,33
6;-18,33
7;-18,33
8;15630,06
9;23196,74
10;24719,35
11;24421,74
12;24296,77
13;24023,19
14;24297,67
15;24450,39
16;23939,04
17;21133,58
18;7388,86
19;-18,33
20;-18,33
21;-18,33
22;-18,33
23;-18,33
0;-18,33
1;-18,33
2;-18,33
3;-18,33
4;-18,33
5;-18,33
6;-18,33
7;-18,33
8;15739,36
9;22902,85
10;24349,93
11;24421,44
12;24286,31
13;24069,66
14;24273,33
15;24429,63
16;23766,23
17;20891,25
18;7778,29
19;-18,33
20;-18,33
21;-18,33
22;-18,33
23;-18,33
0;-18,33
1;-18,33
2;-18,33
3;-18,33
4;-18,33
5;-18,33
6;-18,33
7;-18,33
8;15438,35
9;22662,94
10;23994,99
11;24149,02
12;23705,75
13;23539,58
14;23743,76
15;23970,93
16;23348,16
17;20671,77
18;7887,31
19;-18,33
20;-18,33
21;-18,33
22;-18,33
23;-18,33
0;-18,33
1;-18,33
2;-18,33
3;-18,33
4;-18,33
5;-18,33
6;-18,33
7;-18,33
8;92,56
9;1448,60
10;6215,68
11;5691,30
12;8794,13
13;11136,79
14;9865,95
15;7061,56
16;4138,83
17;1601,41
18;57,85
19;-18,33
20;-18,33
21;-18,33
22;-18,33
23;-18,33
0;-18,33
1;-18,33
2;-18,33
3;-18,33
4;-18,33
5;-18,33
6;-18,33
7;-18,33
8;512,37
9;23012,57
10;24859,26
11;8617,68
12;10960,41
13;8649,50
14;7740,50
15;8718,04
16;5100,16
17;1944,34
18;74,35
19;-18,33
20;-18,33
21;-18,33
22;-18,33
23;-18,33
0;-18,33
1;-18,33
2;-18,33
3;-18,33
4;-18,33
5;-18,33
6;-18,33
7;-18,33
8;280,87
9;1574,14
10;1601,53
11;1586,14
12;1494,37
13;1667,68
14;2654,50
15;5012,08
16;3479,94
17;1121,34
18;8571,89
19;-18,33
20;-18,33
21;-18,33
22;-18,33
23;-18,33
0;-18,33
1;-18,33
2;-18,33
3;-18,33
4;-18,33
5;-18,33
6;-18,33
7;-18,33
8;425,79
9;2130,68
10;1173,63
11;23968,24
12;6562,48
13;10002,89
14;9067,01
15;6567,87
16;3760,78
17;1222,61
18;8437,62
19;-18,33
20;-18,33
21;-18,33
22;-18,33
23;-18,33
0;-18,33
1;-18,33
2;-18,33
3;-18,33
4;-18,33
5;-18,33
6;-18,33
7;-18,33
8;424,08
9;2289,15
10;5623,89
11;24017,58
12;23878,23
13;23819,96
14;2155,43
15;2099,73
16;1928,03
17;1364,35
18;8473,74
19;-18,33
20;-18,33
21;-18,33
22;-18,33
23;-18,33
0;-18,33
1;-18,33
2;-18,33
3;-18,33
4;-18,33
5;-18,33
6;-18,33
7;-18,33
8;171,19
9;720,54
10;1057,47
11;1769,55
12;1479,41
13;1551,57
14;1423,74
15;1127,00
16;825,88
17;499,11
18;8747,67
19;-18,33
20;-18,33
21;-18,33
22;-18,33
23;-18,33
0;-18,33
1;-18,33
2;-18,33
3;-18,33
4;-18,33
5;-18,33
6;-18,33
7;-18,33
8;249,57
9;746,00
10;3005,26
11;2415,28
12;10996,10
13;5387,36
14;4407,64
15;2779,80
16;4018,13
17;1005,64
18;9286,13
19;-18,33
20;-18,33
21;-18,33
22;-18,33
23;-18,33
0;-18,33
1;-18,33
2;-18,33
3;-18,33
4;-18,33
5;-18,33
6;-18,33
7;-18,33
8;502,13
9;2123,32
10;5229,36
11;5034,01
12;3672,66
13;5351,52
14;4771,11
15;2098,26
16;2094,54
17;916,62
18;9549,03
19;-18,33
20;-18,33
21;-18,33
22;-18,33
23;-18,33
0;-18,33
1;-18,33
2;-18,33
3;-18,33
4;-18,33
5;-18,33
6;-18,33
7;-18,33
8;593,36
9;1593,05
10;4466,80
11;6545,10
12;4305,47
13;1596,12
14;1454,45
15;4656,67
16;768,67
17;690,83
18;9755,50
19;-18,33
20;-18,33
21;-18,33
22;-18,33
23;-18,33
0;-18,33
1;-18,33
2;-18,33
3;-18,33
4;-18,33
5;-18,33
6;-18,33
7;-18,33
8;87,15
9;970,33
10;1768,72
11;1968,17
12;1547,88
13;1617,47
14;3661,88
15;1169,09
16;3991,52
17;21730,40
18;10057,75
19;-18,33
20;-18,33
21;-18,33
22;-18,33
23;-18,33
0;-18,33
1;-18,33
2;-18,33
3;-18,33
4;-18,33
5;-18,33
6;-18,33
7;-18,33
8;17527,94
9;23731,20
10;25151,39
11;25471,45
12;25161,91
13;25040,32
14;25388,66
15;25552,08
16;25196,56
17;22431,25
18;10769,91
19;-18,33
20;-18,33
21;-18,33
22;-18,33
23;-18,33
0;-18,33
1;-18,33
2;-18,33
3;-18,33
4;-18,33
5;-18,33
6;-18,33
7;-18,33
8;17564,39
9;23599,51
10;25184,83
11;25443,32
12;25251,41
13;25291,20
14;25802,26
15;25819,55
16;25121,68
17;22477,59
18;11221,10
19;-18,33
20;-18,33
21;-18,33
22;-18,33
23;-18,33
0;-18,33
1;-18,33
2;-18,33
3;-18,33
4;-18,33
5;-18,33
6;-18,33
7;-18,33
8;18552,99
9;24097,78
10;6832,07
11;25501,30
12;25279,67
13;13209,97
14;11787,45
15;25474,07
16;24972,86
17;22389,85
18;11553,45
19;-18,33
20;-18,33
21;-18,33
22;-18,33
23;-18,33
0;-18,33
1;-18,33
2;-18,33
3;-18,33
4;-18,33
5;-18,33
6;-18,33
7;-18,33
8;18009,34
9;2596,47
10;4938,73
11;5633,71
12;5703,00
13;5235,82
14;11228,98
15;25429,99
16;3660,75
17;22126,12
18;11417,54
19;-18,33
20;-18,33
21;-18,33
22;-18,33
23;-18,33
0;-18,33
1;-18,33
2;-18,33
3;-18,33
4;-18,33
5;-18,33
6;-18,33
7;-18,33
8;18201,96
9;23867,18
10;24945,19
11;25375,15
12;25189,51
13;25307,31
14;25600,00
15;25791,62
16;25125,10
17;22366,35
18;11450,78
19;-18,33
20;-18,33
21;-18,33
22;-18,33
23;-18,33
0;-18,33
1;-18,33
2;-18,33
3;-18,33
4;-18,33
5;-18,33
6;-18,33
7;-18,33
8;19455,34
9;24732,34
10;25742,53
11;26002,11
12;25971,18
13;25979,51
14;26148,80
15;26215,25
16;25605,27
17;23066,67
18;12322,11
19;-18,33
20;-18,33
21;-18,33
22;-18,33
23;-18,33
0;-18,33
1;-18,33
2;-18,33
3;-18,33
4;-18,33
5;-18,33
6;-18,33
7;-18,33
8;225,84
9;2014,82
10;2693,69
11;2265,18
12;2167,19
13;2504,48
14;1492,63
15;1219,96
16;2543,46
17;1073,31
18;28,34
19;-18,33
20;-18,33
21;-18,33
22;-18,33
23;-18,33
0;-18,33
1;-18,33
2;-18,33
3;-18,33
4;-18,33
5;-18,33
6;-18,33
7;-18,33
8;603,99
9;24475,66
10;25608,42
11;25086,14
12;25687,79
13;25630,95
14;25665,62
15;25942,13
16;25287,61
17;22640,76
18;12139,14
19;-18,33
20;-18,33
21;-18,33
22;-18,33
23;-18,33
0;-18,33
1;-18,33
2;-18,33
3;-18,33
4;-18,33
5;-18,33
6;-18,33
7;-18,33
8;500,00
9;1927,40
10;1468,44
11;2941,01
12;3093,69
13;5523,20
14;12955,05
15;26036,26
16;25232,22
17;22790,23
18;12572,56
19;-18,33
20;-18,33
21;-18,33
22;-18,33
23;-18,33
0;-18,33
1;-18,33
2;-18,33
3;-18,33
4;-18,33
5;-18,33
6;-18,33
7;-18,33
8;19689,41
9;24751,32
10;25813,57
11;25566,44
12;10061,80
13;25629,21
14;9056,64
15;25664,76
16;25148,45
17;22514,90
18;12670,72
19;-18,33
20;-18,33
21;-18,33
22;-18,33
23;-18,33
0;-18,33
1;-18,33
2;-18,33
3;-18,33
4;-18,33
5;-18,33
6;-18,33
7;-18,33
8;19584,05
9;24237,68
10;25541,19
11;25725,84
12;25576,81
13;25374,78
14;25444,87
15;25703,20
16;25023,39
17;22628,01
18;12970,24
19;-18,33
20;-18,33
21;-18,33
22;-18,33
23;-18,33
0;-18,33
1;-18,33
2;-18,33
3;-18,33
4;-18,33
5;-18,33
6;-18,33
7;-18,33
8;933,88
9;2468,82
10;5533,43
11;26143,00
12;25790,55
13;25872,38
14;26010,38
15;26181,58
16;5655,68
17;2578,56
18;13209,30
19;-18,33
20;-18,33
21;-18,33
22;-18,33
23;-18,33
0;-18,33
1;-18,33
2;-18,33
3;-18,33
4;-18,33
5;-18,33
6;-18,33
7;-18,33
8;486,16
9;1248,04
10;2190,40
11;6824,37
12;9183,96
13;25675,84
14;25957,71
15;26104,07
16;25597,87
17;23024,97
18;13199,33
19;-18,33
20;-18,33
21;-18,33
22;-18,33
23;-18,33
0;-18,33
1;-18,33
2;-18,33
3;-18,33
4;-18,33
5;-18,33
6;-18,33
7;-18,33
8;20601,61
9;25387,07
10;26192,30
11;26735,79
12;26573,39
13;26388,91
14;26261,81
15;26102,43
16;25501,43
17;23022,43
18;13630,90
19;-18,33
20;-18,33
21;-18,33
22;-18,33
23;-18,33
0;-18,33
1;-18,33
2;-18,33
3;-18,33
4;-18,33
5;-18,33
6;-18,33
7;-18,33
8;21020,59
9;25343,54
10;26030,01
11;7378,64
12;14697,49
13;25717,60
14;25648,20
15;25689,98
16;4940,36
17;2298,02
18;262,19
19;-18,33
20;-18,33
21;-18,33
22;-18,33
23;-18,33
0;-18,33
1;-18,33
2;-18,33
3;-18,33
4;-18,33
5;-18,33
6;-18,33
7;-18,33
8;1042,60
9;24872,02
10;26252,87
11;26277,18
12;26050,51
13;25976,62
14;26051,30
15;25942,71
16;25388,14
17;22964,78
18;14063,12
19;-18,33
20;-18,33
21;-18,33
22;-18,33
23;-18,33
0;-18,33
1;-18,33
2;-18,33
3;-18,33
4;-18,33
5;-18,33
6;-18,33
7;-18,33
8;947,82
9;2988,93
10;3836,44
11;26792,25
12;26736,56
13;26630,36
14;26713,09
15;26757,82
16;26107,10
17;23481,50
18;14394,39
19;-18,33
20;-18,33
21;-18,33
22;-18,33
23;-18,33
0;-18,33
1;-18,33
2;-18,33
3;-18,33
4;-18,33
5;-18,33
6;-18,33
7;-18,33
8;681,17
9;2074,30
10;2995,10
11;26193,94
12;25951,24
13;26467,04
14;26518,56
15;26792,97
16;25970,78
17;23358,48
18;14167,36
19;-18,33
20;-18,33
21;-18,33
22;-18,33
23;-18,33
0;-18,33
1;-18,33
2;-18,33
3;-18,33
4;-18,33
5;-18,33
6;-18,33
7;-18,33
8;595,23
9;1827,26
10;2036,05
11;5486,93
12;10364,99
13;26538,37
14;26694,17
15;26764,64
16;26079,17
17;23542,03
18;14473,79
19;-18,33
20;-18,33
21;-18,33
22;-18,33
23;-18,33
0;-18,33
1;-18,33
2;-18,33
3;-18,33
4;-18,33
5;-18,33
6;-18,33
7;-18,33
8;917,66
9;2064,55
10;4672,89
11;26513,84
12;25726,36
13;26464,91
14;26654,37
15;26642,29
16;25969,42
17;23368,69
18;14458,53
19;-18,33
20;-18,33
21;-18,33
22;-18,33
23;-18,33
0;-18,33
1;-18,33
2;-18,33
3;-18,33
4;-18,33
5;-18,33
6;-18,33
7;-18,33
8;21212,82
9;25471,11
10;26850,18
11;26990,48
12;26783,46
13;26410,62
14;26711,37
15;26816,10
16;26091,40
17;23663,45
18;14740,11
19;-18,33
20;-18,33
21;-18,33
22;-18,33
23;-18,33
0;-18,33
1;-18,33
2;-18,33
3;-18,33
4;-18,33
5;-18,33
6;-18,33
7;-18,33
8;801,14
9;2478,82
10;5082,24
11;26769,12
12;26524,13
13;26595,27
14;26720,03
15;26818,13
16;26080,64
17;23568,22
18;14817,41
19;-18,33
20;-18,33
21;-18,33
22;-18,33
23;-18,33
0;-18,33
1;-18,33
2;-18,33
3;-18,33
4;-18,33
5;-18,33
6;-18,33
7;-18,33
8;625,16
9;1282,23
10;1632,51
11;6767,11
12;12667,29
13;26636,15
14;26707,37
15;26675,46
16;25912,47
17;23480,59
18;14835,54
19;-18,33
20;-18,33
21;-18,33
22;-18,33
23;-18,33
0;-18,33
1;-18,33
2;-18,33
3;-18,33
4;-18,33
5;-18,33
6;-18,33
7;-18,33
8;914,66
9;2668,35
10;4807,04
11;10128,83
12;8884,82
13;9296,25
14;12800,98
15;26797,44
16;26359,40
17;23908,39
18;15160,33
19;-18,33
20;-18,33
21;-18,33
22;-18,33
23;-18,33
0;-18,33
1;-18,33
2;-18,33
3;-18,33
4;-18,33
5;-18,33
6;-18,33
7;-18,33
8;21060,34
9;2061,75
10;1621,23
11;5814,50
12;8347,20
13;10259,18
14;12343,91
15;26921,83
16;26050,64
17;23545,32
18;15025,48
19;-18,33
20;-18,33
21;-18,33
22;-18,33
23;-18,33
0;-18,33
1;-18,33
2;-18,33
3;-18,33
4;-18,33
5;-18,33
6;-18,33
7;-18,33
8;21587,82
9;25476,26
10;26341,03
11;26398,97
12;26478,85
13;26853,84
14;27007,89
15;27082,48
16;26271,89
17;23604,18
18;14971,35
19;-18,33
20;-18,33
21;-18,33
22;-18,33
23;-18,33
0;-18,33
1;-18,33
2;-18,33
3;-18,33
4;-18,33
5;-18,33
6;-18,33
7;-18,33
8;22239,66
9;25680,61
10;26416,99
11;26981,91
12;27234,61
13;27219,59
14;27238,20
15;26948,59
16;26250,56
17;23780,77
18;15296,04
19;-18,33
20;-18,33
21;-18,33
22;-18,33
23;-18,33
0;-18,33
1;-18,33
2;-18,33
3;-18,33
4;-18,33
5;-18,33
6;-18,33
7;-18,33
8;1682,50
9;25533,20
10;26650,03
11;26952,67
12;27154,71
13;27184,64
14;27137,30
15;10642,28
16;26188,93
17;23596,34
18;15471,17
19;-18,33
20;-18,33
21;-18,33
22;-18,33
23;-18,33
0;-18,33
1;-18,33
2;-18,33
3;-18,33
4;-18,33
5;-18,33
6;-18,33
7;-18,33
8;1148,45
9;2806,06
10;5979,65
11;26501,54
12;26619,91
13;26887,47
14;27034,42
15;26811,74
16;26035,56
17;23476,94
18;15475,00
19;-18,33
20;-18,33
21;-18,33
22;-18,33
23;-18,33
0;-18,33
1;-18,33
2;-18,33
3;-18,33
4;-18,33
5;-18,33
6;-18,33
7;7833,18
8;22472,74
9;25818,01
10;26477,42
11;26742,24
12;26896,65
13;27017,91
14;26941,12
15;26881,33
16;26294,34
17;23824,96
18;15764,71
19;-18,33
20;-18,33
21;-18,33
22;-18,33
23;-18,33
0;-18,33
1;-18,33
2;-18,33
3;-18,33
4;-18,33
5;-18,33
6;-18,33
7;9405,50
8;23520,52
9;26764,63
10;27091,24
11;27543,81
12;27658,14
13;27600,06
14;27647,69
15;27570,69
16;26715,48
17;24240,56
18;16395,26
19;-18,33
20;-18,33
21;-18,33
22;-18,33
23;-18,33
0;-18,33
1;-18,33
2;-18,33
3;-18,33
4;-18,33
5;-18,33
6;-18,33
7;10261,13
8;23735,95
9;26799,41
10;27178,82
11;27247,99
12;27522,01
13;27385,39
14;27493,19
15;27297,77
16;26461,18
17;24043,64
18;16698,87
19;-18,33
20;-18,33
21;-18,33
22;-18,33
23;-18,33
0;-18,33
1;-18,33
2;-18,33
3;-18,33
4;-18,33
5;-18,33
6;-18,33
7;36,74
8;2124,81
9;5171,41
10;10259,42
11;10905,74
12;7343,60
13;9478,22
14;14715,79
15;4709,29
16;6387,80
17;2995,17
18;16871,60
19;-18,33
20;-18,33
21;-18,33
22;-18,33
23;-18,33
0;-18,33
1;-18,33
2;-18,33
3;-18,33
4;-18,33
5;-18,33
6;-18,33
7;44,50
8;2209,44
9;5009,10
10;6593,25
11;11399,07
12;27719,65
13;17124,92
14;16129,79
15;27901,19
16;27095,34
17;24493,33
18;16914,40
19;-18,33
20;-18,33
21;-18,33
22;-18,33
23;-18,33
0;-18,33
1;-18,33
2;-18,33
3;-18,33
4;-18,33
5;-18,33
6;-18,33
7;48,70
8;730,15
9;1111,50
10;5759,00
11;5057,87
12;8966,84
13;27904,39
14;28348,86
15;9796,85
16;5597,71
17;2869,70
18;16949,97
19;-18,33
20;-18,33
21;-18,33
22;-18,33
23;-18,33
0;-18,33
1;-18,33
2;-18,33
3;-18,33
4;-18,33
5;-18,33
6;-18,33
7;11528,38
8;23258,31
9;26283,05
10;27336,88
11;27605,12
12;27654,58
13;27989,82
14;27886,58
15;11587,39
16;26913,86
17;24405,35
18;16675,67
19;-18,33
20;-18,33
21;-18,33
22;-18,33
23;-18,33
0;-18,33
1;-18,33
2;-18,33
3;-18,33
4;-18,33
5;-18,33
6;-18,33
7;170,70
8;2127,47
9;26796,55
10;27485,43
11;10893,17
12;15273,21
13;14694,26
14;15887,02
15;11694,33
16;26904,92
17;2236,04
18;16897,02
19;-18,33
20;-18,33
21;-18,33
22;-18,33
23;-18,33
0;-18,33
1;-18,33
2;-18,33
3;-18,33
4;-18,33
5;-18,33
6;-18,33
7;176,85
8;2157,37
9;4126,27
10;27314,05
11;27573,57
12;27766,98
13;27605,21
14;27697,92
15;11527,57
16;26701,63
17;1649,15
18;16755,98
19;-18,33
20;-18,33
21;-18,33
22;-18,33
23;-18,33
0;-18,33
1;-18,33
2;-18,33
3;-18,33
4;-18,33
5;-18,33
6;-18,33
7;12665,41
8;1719,47
9;3554,17
10;9209,81
11;27985,39
12;27942,79
13;28206,37
14;28181,70
15;28211,04
16;27284,99
17;24604,86
18;17054,41
19;-18,33
20;-18,33
21;-18,33
22;-18,33
23;-18,33
0;-18,33
1;-18,33
2;-18,33
3;-18,33
4;-18,33
5;-18,33
6;-18,33
7;178,65
8;1842,56
9;26510,44
10;27495,81
11;27767,94
12;28019,96
13;28131,22
14;28142,01
15;27882,24
16;26882,22
17;24409,73
18;16897,70
19;-18,33
20;-18,33
21;-18,33
22;-18,33
23;-18,33
0;-18,33
1;-18,33
2;-18,33
3;-18,33
4;-18,33
5;-18,33
6;-18,33
7;13384,65
8;23282,74
9;26232,12
10;26845,18
11;27729,55
12;27886,76
13;27917,65
14;28117,64
15;28023,10
16;27171,12
17;24522,96
18;17115,64
19;-18,33
20;-18,33
21;-18,33
22;-18,33
23;-18,33
0;-18,33
1;-18,33
2;-18,33
3;-18,33
4;-18,33
5;-18,33
6;-18,33
7;13795,30
8;23400,07
9;26476,88
10;27603,85
11;27752,39
12;28274,83
13;28233,36
14;28264,56
15;28231,82
16;27238,07
17;24595,80
18;17223,33
19;-18,33
20;-18,33
21;-18,33
22;-18,33
23;-18,33
0;-18,33
1;-18,33
2;-18,33
3;-18,33
4;-18,33
5;-18,33
6;-18,33
7;13999,91
8;23603,98
9;26294,25
10;27347,02
11;28205,40
12;28501,83
13;28740,01
14;28504,48
15;28180,17
16;27070,43
17;24731,55
18;17251,84
19;-18,33
20;-18,33
21;-18,33
22;-18,33
23;-18,33
0;-18,33
1;-18,33
2;-18,33
3;-18,33
4;-18,33
5;-18,33
6;-18,33
7;16038,17
8;24872,94
9;27042,82
10;28202,84
11;28359,53
12;28371,83
13;18479,43
14;13056,22
15;10150,66
16;1611,82
17;4196,23
18;17668,02
19;-18,33
20;-18,33
21;-18,33
22;-18,33
23;-18,33
0;-18,33
1;-18,33
2;-18,33
3;-18,33
4;-18,33
5;-18,33
6;-18,33
7;15338,72
8;24039,16
9;26996,00
10;28317,59
11;28483,46
12;28385,46
13;28356,93
14;28335,83
15;28252,65
16;27243,36
17;24647,75
18;17584,08
19;-18,33
20;-18,33
21;-18,33
22;-18,33
23;-18,33
0;-18,33
1;-18,33
2;-18,33
3;-18,33
4;-18,33
5;-18,33
6;-18,33
7;15911,51
8;24321,74
9;26637,33
10;27521,65
11;28133,50
12;28067,63
13;27895,19
14;27902,54
15;27559,33
16;26589,28
17;24051,51
18;17252,53
19;-18,33
20;-18,33
21;-18,33
22;-18,33
23;-18,33
0;-18,33
1;-18,33
2;-18,33
3;-18,33
4;-18,33
5;-18,33
6;-18,33
7;15403,05
8;23679,84
9;26326,46
10;27297,08
11;27557,59
12;27212,90
13;27196,42
14;27229,25
15;26773,39
16;26044,68
17;23481,82
18;16935,55
19;-18,33
20;-18,33
21;-18,33
22;-18,33
23;-18,33
0;-18,33
1;-18,33
2;-18,33
3;-18,33
4;-18,33
5;-18,33
6;-18,33
7;291,67
8;1799,42
9;5146,06
10;27527,13
11;27788,35
12;27914,33
13;28075,06
14;28036,20
15;27723,39
16;26507,47
17;24075,29
18;17290,83
19;-18,33
20;-18,33
21;-18,33
22;-18,33
23;-18,33
0;-18,33
1;-18,33
2;-18,33
3;-18,33
4;-18,33
5;-18,33
6;-18,33
7;194,74
8;1239,77
9;1680,67
10;2615,17
11;3408,08
12;27824,94
13;27711,09
14;27952,43
15;27914,86
16;26858,88
17;24158,90
18;17312,94
19;-18,33
20;-18,33
21;-18,33
22;-18,33
23;-18,33
0;-18,33
1;-18,33
2;-18,33
3;-18,33
4;-18,33
5;-18,33
6;-18,33
7;114,67
8;839,25
9;26143,20
10;27257,29
11;27384,55
12;28036,16
13;28133,92
14;28101,67
15;28064,03
16;27141,85
17;24328,08
18;17381,94
19;-18,33
20;-18,33
21;-18,33
22;-18,33
23;-18,33
0;-18,33
1;-18,33
2;-18,33
3;-18,33
4;-18,33
5;-18,33
6;-18,33
7;16399,03
8;23974,96
9;6767,53
10;10900,49
11;14487,94
12;12068,60
13;12279,13
14;10731,17
15;9815,71
16;6210,95
17;2946,65
18;667,61
19;-18,33
20;-18,33
21;-18,33
22;-18,33
23;-18,33
0;-18,33
1;-18,33
2;-18,33
3;-18,33
4;-18,33
5;-18,33
6;-18,33
7;327,21
8;1708,09
9;26780,46
10;27378,72
11;27318,79
12;19363,82
13;19512,29
14;17396,23
15;11672,02
16;7321,55
17;3464,98
18;784,26
19;-18,33
20;-18,33
21;-18,33
22;-18,33
23;-18,33
0;-18,33
1;-18,33
2;-18,33
3;-18,33
4;-18,33
5;-18,33
6;-18,33
7;17238,44
8;24638,07
9;27254,93
10;28038,34
11;28290,83
12;28368,39
13;28348,53
14;28463,58
15;28123,69
16;27273,23
17;24761,56
18;17948,01
19;-18,33
20;-18,33
21;-18,33
22;-18,33
23;-18,33
0;-18,33
1;-18,33
2;-18,33
3;-18,33
4;-18,33
5;-18,33
6;-18,33
7;17876,58
8;24785,18
9;26687,81
10;27846,23
11;28262,93
12;28381,54
13;28307,49
14;28324,19
15;28065,93
16;27066,88
17;24553,90
18;18014,45
19;-18,33
20;-18,33
21;-18,33
22;-18,33
23;-18,33
0;-18,33
1;-18,33
2;-18,33
3;-18,33
4;-18,33
5;-18,33
6;-18,33
7;589,05
8;2368,85
9;6373,43
10;11647,82
11;17089,51
12;18013,52
13;16579,50
14;12991,49
15;6670,51
16;4307,86
17;2582,77
18;18363,67
19;-18,33
20;-18,33
21;-18,33
22;-18,33
23;-18,33
0;-18,33
1;-18,33
2;-18,33
3;-18,33
4;-18,33
5;-18,33
6;-18,33
7;17481,75
8;24443,19
9;26826,92
10;27836,52
11;17380,79
12;28520,15
13;19645,10
14;17966,28
15;28020,87
16;27041,78
17;24357,30
18;17949,00
19;-18,33
20;-18,33
21;-18,33
22;-18,33
23;-18,33
0;-18,33
1;-18,33
2;-18,33
3;-18,33
4;-18,33
5;-18,33
6;-18,33
7;17903,53
8;24533,40
9;9145,93
10;28087,94
11;17800,55
12;28688,55
13;28448,70
14;28667,01
15;28461,99
16;27209,58
17;24564,49
18;18136,68
19;-18,33
20;-18,33
21;-18,33
22;-18,33
23;-18,33
0;-18,33
1;-18,33
2;-18,33
3;-18,33
4;-18,33
5;-18,33
6;-18,33
7;17915,61
8;24684,29
9;27099,90
10;13326,46
11;6604,46
12;28792,55
13;9959,13
14;8483,51
15;5984,88
16;3406,17
17;1608,18
18;18302,80
19;-18,33
20;-18,33
21;-18,33
22;-18,33
23;-18,33
0;-18,33
1;-18,33
2;-18,33
3;-18,33
4;-18,33
5;-18,33
6;-18,33
7;18179,60
8;24913,80
9;27184,24
10;28348,64
11;28764,74
12;29123,22
13;29090,05
14;29184,18
15;28694,18
16;27534,74
17;25079,91
18;18512,01
19;-18,33
20;-18,33
21;-18,33
22;-18,33
23;-18,33
0;-18,33
1;-18,33
2;-18,33
3;-18,33
4;-18,33
5;-18,33
6;-18,33
7;18673,47
8;24939,53
9;27280,32
10;28603,47
11;29456,13
12;29062,26
13;28856,82
14;29063,80
15;28543,20
16;27462,76
17;24847,85
18;18474,87
19;-18,33
20;-18,33
21;-18,33
22;-18,33
23;-18,33
0;-18,33
1;-18,33
2;-18,33
3;-18,33
4;-18,33
5;-18,33
6;-18,33
7;18934,34
8;24838,73
9;26760,60
10;14520,47
11;13449,35
12;18220,14
13;19710,70
14;18870,63
15;11954,19
16;8404,23
17;3720,60
18;18831,10
19;-18,33
20;-18,33
21;-18,33
22;-18,33
23;-18,33
0;-18,33
1;-18,33
2;-18,33
3;-18,33
4;-18,33
5;-18,33
6;-18,33
7;656,71
8;2247,52
9;6882,92
10;28214,82
11;29320,21
12;29301,85
13;29629,10
14;29402,16
15;29144,13
16;28124,94
17;25528,69
18;19154,40
19;-18,33
20;-18,33
21;-18,33
22;-18,33
23;-18,33
0;-18,33
1;-18,33
2;-18,33
3;-18,33
4;-18,33
5;-18,33
6;-18,33
7;812,07
8;24573,63
9;5852,60
10;5300,63
11;2606,89
12;2159,13
13;2163,09
14;8063,05
15;3150,94
16;4524,41
17;3207,27
18;18533,44
19;-18,33
20;-18,33
21;-18,33
22;-18,33
23;-18,33
0;-18,33
1;-18,33
2;-18,33
3;-18,33
4;-18,33
5;-18,33
6;-18,33
7;19529,21
8;25411,35
9;27328,97
10;28296,43
11;29347,81
12;29335,86
13;29240,97
14;29167,70
15;28694,63
16;27653,13
17;25220,08
18;18911,38
19;-18,33
20;-18,33
21;-18,33
22;-18,33
23;-18,33
0;-18,33
1;-18,33
2;-18,33
3;-18,33
4;-18,33
5;-18,33
6;-18,33
7;19778,61
8;25437,47
9;27183,55
10;28149,16
11;29120,90
12;29135,19
13;28916,92
14;18603,92
15;14314,32
16;27330,97
17;24951,55
18;19018,44
19;-18,33
20;-18,33
21;-18,33
22;-18,33
23;-18,33
0;-18,33
1;-18,33
2;-18,33
3;-18,33
4;-18,33
5;-18,33
6;-18,33
7;20038,64
8;25398,32
9;27688,66
10;28596,65
11;28875,94
12;29044,36
13;28978,00
14;28845,93
15;28344,55
16;27117,25
17;24567,51
18;18785,89
19;-18,33
20;-18,33
21;-18,33
22;-18,33
23;-18,33
0;-18,33
1;-18,33
2;-18,33
3;-18,33
4;-18,33
5;-18,33
6;-18,33
7;432,85
8;2512,17
9;2938,47
10;12382,19
11;28842,14
12;28679,53
13;18331,21
14;18280,79
15;27777,52
16;6430,20
17;3139,67
18;18538,66
19;-18,33
20;-18,33
21;-18,33
22;-18,33
23;-18,33
0;-18,33
1;-18,33
2;-18,33
3;-18,33
4;-18,33
5;-18,33
6;-18,33
7;1120,64
8;1939,21
9;2728,95
10;13912,35
11;16798,87
12;18100,63
13;11901,11
14;15601,71
15;13562,93
16;27463,89
17;24947,32
18;18790,12
19;-18,33
20;-18,33
21;-18,33
22;-18,33
23;-18,33
0;-18,33
1;-18,33
2;-18,33
3;-18,33
4;-18,33
5;-18,33
6;-18,33
7;1156,52
8;4565,04
9;7733,13
10;12918,39
11;28958,73
12;28939,66
13;28971,75
14;29003,30
15;28869,42
16;27561,18
17;24996,89
18;19084,67
19;-18,33
20;-18,33
21;-18,33
22;-18,33
23;-18,33
0;-18,33
1;-18,33
2;-18,33
3;-18,33
4;-18,33
5;-18,33
6;-18,33
7;723,07
8;3673,99
9;8941,90
10;12655,99
11;16442,92
12;19947,62
13;29040,11
14;29020,88
15;15169,91
16;27408,73
17;24958,04
18;19089,73
19;-18,33
20;-18,33
21;-18,33
22;-18,33
23;-18,33
0;-18,33
1;-18,33
2;-18,33
3;-18,33
4;-18,33
5;-18,33
6;-18,33
7;20211,41
8;25045,20
9;27304,96
10;28265,87
11;28817,30
12;28823,17
13;28998,06
14;28622,51
15;28482,63
16;27215,21
17;24760,65
18;18994,51
19;-18,33
20;-18,33
21;-18,33
22;-18,33
23;-18,33
0;-18,33
1;-18,33
2;-18,33
3;-18,33
4;-18,33
5;-18,33
6;-18,33
7;19954,34
8;24777,72
9;27043,00
10;28029,67
11;28188,79
12;28556,56
13;28935,89
14;28892,01
15;28651,43
16;27504,72
17;24929,73
18;19273,90
19;-18,33
20;-18,33
21;-18,33
22;-18,33
23;-18,33
0;-18,33
1;-18,33
2;-18,33
3;-18,33
4;-18,33
5;-18,33
6;-18,33
7;678,87
8;3366,62
9;27195,12
10;28945,67
11;29635,73
12;29201,11
13;28891,39
14;29226,52
15;28831,07
16;27605,70
17;25137,00
18;19368,13
19;-18,33
20;-18,33
21;-18,33
22;-18,33
23;-18,33
0;-18,33
1;-18,33
2;-18,33
3;-18,33
4;-18,33
5;-18,33
6;-18,33
7;19916,51
8;24747,86
9;27052,14
10;28210,46
11;28615,07
12;28769,22
13;28903,17
14;28530,68
15;13286,28
16;10020,41
17;5419,69
18;18960,49
19;-18,33
20;-18,33
21;-18,33
22;-18,33
23;-18,33
0;-18,33
1;-18,33
2;-18,33
3;-18,33
4;-18,33
5;-18,33
6;-18,33
7;20078,12
8;24908,65
9;9952,91
10;11324,28
11;28139,70
12;28379,93
13;28991,39
14;28492,57
15;28185,28
16;26827,12
17;24275,88
18;18904,32
19;-18,33
20;-18,33
21;-18,33
22;-18,33
23;-18,33
0;-18,33
1;-18,33
2;-18,33
3;-18,33
4;-18,33
5;-18,33
6;-18,33
7;20224,10
8;25260,12
9;27348,92
10;28580,31
11;29139,48
12;28964,54
13;29026,09
14;29026,02
15;28441,13
16;7697,52
17;4573,91
18;19085,60
19;-18,33
20;-18,33
21;-18,33
22;-18,33
23;-18,33
0;-18,33
1;-18,33
2;-18,33
3;-18,33
4;-18,33
5;-18,33
6;-18,33
7;1051,34
8;3075,58
9;5174,33
10;5259,08
11;9355,21
12;20710,49
13;29210,26
14;29235,80
15;28559,98
16;27208,56
17;24609,99
18;19134,80
19;-18,33
20;-18,33
21;-18,33
22;-18,33
23;-18,33
0;-18,33
1;-18,33
2;-18,33
3;-18,33
4;-18,33
5;-18,33
6;-18,33
7;863,24
8;3633,90
9;3970,19
10;8324,30
11;27794,85
12;28833,89
13;29105,66
14;29222,37
15;28784,96
16;27405,99
17;24804,48
18;19394,04
19;-18,33
20;-18,33
21;-18,33
22;-18,33
23;-18,33
0;-18,33
1;-18,33
2;-18,33
3;-18,33
4;-18,33
5;-18,33
6;-18,33
7;20463,48
8;25256,82
9;27266,68
10;28480,05
11;29308,34
12;29223,17
13;29189,09
14;28658,60
15;28108,15
16;27073,26
17;3752,37
18;19039,72
19;-18,33
20;-18,33
21;-18,33
22;-18,33
23;-18,33
0;-18,33
1;-18,33
2;-18,33
3;-18,33
4;-18,33
5;-18,33
6;-18,33
7;1020,74
8;3144,51
9;4243,85
10;10870,78
11;28862,89
12;28945,57
13;29168,07
14;29111,94
15;28671,44
16;27401,66
17;24801,12
18;19500,74
19;-18,33
20;-18,33
21;-18,33
22;-18,33
23;-18,33
0;-18,33
1;-18,33
2;-18,33
3;-18,33
4;-18,33
5;-18,33
6;-18,33
7;817,34
8;1686,69
9;3046,43
10;5556,47
11;13177,43
12;17867,75
13;20297,45
14;9530,07
15;8710,37
16;27095,85
17;24599,69
18;19277,28
19;-18,33
20;-18,33
21;-18,33
22;-18,33
23;-18,33
0;-18,33
1;-18,33
2;-18,33
3;-18,33
4;-18,33
5;-18,33
6;-18,33
7;913,80
8;2756,53
9;5452,83
10;12795,15
11;9136,44
12;18798,58
13;29175,37
14;29353,29
15;28657,09
16;27420,62
17;24665,83
18;19379,82
19;-18,33
20;-18,33
21;-18,33
22;-18,33
23;-18,33
0;-18,33
1;-18,33
2;-18,33
3;-18,33
4;-18,33
5;-18,33
6;-18,33
7;1047,95
8;2465,59
9;4756,40
10;4253,29
11;11476,97
12;29114,80
13;29695,74
14;29130,37
15;28784,72
16;27584,67
17;24912,20
18;19403,06
19;-18,33
20;-18,33
21;-18,33
22;-18,33
23;-18,33
0;-18,33
1;-18,33
2;-18,33
3;-18,33
4;-18,33
5;-18,33
6;-18,33
7;20249,97
8;24882,51
9;26887,67
10;28323,66
11;29367,92
12;29838,07
13;29664,54
14;29510,52
15;28879,05
16;27739,45
17;25117,70
18;19725,77
19;-18,33
20;-18,33
21;-18,33
22;-18,33
23;-18,33
0;-18,33
1;-18,33
2;-18,33
3;-18,33
4;-18,33
5;-18,33
6;-18,33
7;21156,07
8;25450,96
9;27464,74
10;29019,57
11;29493,52
12;29667,94
13;29510,19
14;29250,17
15;28429,82
16;27415,08
17;25024,36
18;19936,27
19;-18,33
20;-18,33
21;-18,33
22;-18,33
23;-18,33
0;-18,33
1;-18,33
2;-18,33
3;-18,33
4;-18,33
5;-18,33
6;-18,33
7;20828,61
8;24961,50
9;27383,10
10;28635,96
11;29207,32
12;29194,31
13;29528,59
14;29330,44
15;28438,10
16;27008,34
17;24673,37
18;19696,92
19;-18,33
20;-18,33
21;-18,33
22;-18,33
23;-18,33
0;-18,33
1;-18,33
2;-18,33
3;-18,33
4;-18,33
5;-18,33
6;-18,33
7;1049,56
8;2313,22
9;5837,53
10;7859,80
11;29199,69
12;29020,60
13;29462,97
14;28962,04
15;28724,12
16;27377,94
17;24812,99
18;19542,91
19;-18,33
20;-18,33
21;-18,33
22;-18,33
23;-18,33
0;-18,33
1;-18,33
2;-18,33
3;-18,33
4;-18,33
5;-18,33
6;6937,95
7;20876,44
8;25421,70
9;27371,76
10;28475,44
11;28768,46
12;19779,77
13;29021,07
14;29073,59
15;28481,45
16;27136,63
17;24506,68
18;19436,75
19;-18,33
20;-18,33
21;-18,33
22;-18,33
23;-18,33
0;-18,33
1;-18,33
2;-18,33
3;-18,33
4;-18,33
5;-18,33
6;-11,53
7;1098,00
8;2148,24
9;4357,64
10;5482,67
11;11006,32
12;9488,49
13;29116,81
14;28658,73
15;28142,57
16;27163,92
17;24538,02
18;19558,66
19;-18,33
20;-18,33
21;-18,33
22;-18,33
23;-18,33
0;-18,33
1;-18,33
2;-18,33
3;-18,33
4;-18,33
5;-18,33
6;-17,03
7;865,07
8;1952,81
9;3808,60
10;2793,64
11;8738,83
12;15201,92
13;29216,85
14;28942,02
15;28453,79
16;27253,21
17;24628,65
18;19802,27
19;-18,33
20;-18,33
21;-18,33
22;-18,33
23;-18,33
0;-18,33
1;-18,33
2;-18,33
3;-18,33
4;-18,33
5;-18,33
6;7380,68
7;20814,63
8;25177,98
9;27218,18
10;28593,13
11;29572,01
12;29920,39
13;29840,83
14;29997,41
15;29334,82
16;27858,59
17;25526,52
18;20370,68
19;-18,33
20;-18,33
21;-18,33
22;-18,33
23;-18,33
0;-18,33
1;-18,33
2;-18,33
3;-18,33
4;-18,33
5;-18,33
6;8105,11
7;21445,29
8;25739,21
9;27541,58
10;28910,99
11;29343,42
12;29458,49
13;29489,13
14;29177,81
15;28954,99
16;27646,99
17;25135,20
18;20195,35
19;-18,33
20;-18,33
21;-18,33
22;-18,33
23;-18,33
0;-18,33
1;-18,33
2;-18,33
3;-18,33
4;-18,33
5;-18,33
6;8494,80
7;21214,21
8;25213,63
9;27415,42
10;28688,04
11;29130,60
12;29582,33
13;29379,19
14;29126,75
15;28358,77
16;27254,07
17;24710,20
18;20033,22
19;-18,33
20;-18,33
21;-18,33
22;-18,33
23;-18,33
0;-18,33
1;-18,33
2;-18,33
3;-18,33
4;-18,33
5;-18,33
6;-7,99
7;981,28
8;2812,39
9;8645,22
10;28562,22
11;29293,02
12;29626,95
13;29284,62
14;29090,61
15;28521,53
16;27123,19
17;24644,71
18;20025,29
19;6521,83
20;-18,33
21;-18,33
22;-18,33
23;-18,33
0;-18,33
1;-18,33
2;-18,33
3;-18,33
4;-18,33
5;-18,33
6;-15,37
7;1095,16
8;3228,74
9;5166,73
10;5737,55
11;28866,87
12;29506,79
13;29331,42
14;28941,26
15;14735,20
16;27094,34
17;24605,75
18;19837,95
19;6620,63
20;-18,33
21;-18,33
22;-18,33
23;-18,33
0;-18,33
1;-18,33
2;-18,33
3;-18,33
4;-18,33
5;-18,33
6;39,70
7;970,92
8;3996,42
9;5127,45
10;7012,24
11;28592,21
12;29199,05
13;22218,11
14;20668,71
15;28472,94
16;27144,69
17;24597,28
18;19809,86
19;6861,25
20;-18,33
21;-18,33
22;-18,33
23;-18,33
0;-18,33
1;-18,33
2;-18,33
3;-18,33
4;-18,33
5;-18,33
6;13,97
7;1370,35
8;3645,98
9;6862,03
10;28237,71
11;28903,98
12;29029,34
13;29020,58
14;28656,71
15;28153,90
16;26840,99
17;24404,47
18;19703,34
19;7018,59
20;-18,33
21;-18,33
22;-18,33
23;-18,33
0;-18,33
1;-18,33
2;-18,33
3;-18,33
4;-18,33
5;-18,33
6;8318,66
7;20463,47
8;24581,00
9;26727,61
10;28572,53
11;29271,67
12;29431,62
13;29363,45
14;28612,82
15;28400,89
16;27096,36
17;24518,28
18;19854,43
19;7387,96
20;-18,33
21;-18,33
22;-18,33
23;-18,33
0;-18,33
1;-18,33
2;-18,33
3;-18,33
4;-18,33
5;-18,33
6;8691,67
7;20831,20
8;25159,82
9;27172,13
10;28917,14
11;29626,65
12;30011,20
13;29855,03
14;29381,40
15;29011,90
16;27714,17
17;25215,25
18;20373,26
19;7964,29
20;-18,33
21;-18,33
22;-18,33
23;-18,33
0;-18,33
1;-18,33
2;-18,33
3;-18,33
4;-18,33
5;-18,33
6;9362,20
7;21300,07
8;25561,89
9;27421,84
10;29023,13
11;29669,20
12;30104,29
13;23420,33
14;17837,18
15;18425,63
16;27600,57
17;25079,48
18;20595,29
19;8721,48
20;-18,33
21;-18,33
22;-18,33
23;-18,33
0;-18,33
1;-18,33
2;-18,33
3;-18,33
4;-18,33
5;-18,33
6;24,90
7;1851,72
8;6376,60
9;10476,16
10;14186,27
11;29184,47
12;29786,12
13;29540,96
14;29342,04
15;28767,62
16;27465,53
17;25008,83
18;20491,15
19;8749,26
20;-18,33
21;-18,33
22;-18,33
23;-18,33
0;-18,33
1;-18,33
2;-18,33
3;-18,33
4;-18,33
5;-18,33
6;8925,60
7;20496,35
8;24702,89
9;27095,13
10;28454,91
11;29026,45
12;29389,14
13;29512,17
14;29194,86
15;18068,13
16;12033,64
17;4793,56
18;20373,85
19;8915,42
20;-18,33
21;-18,33
22;-18,33
23;-18,33
0;-18,33
1;-18,33
2;-18,33
3;-18,33
4;-18,33
5;-18,33
6;-3,22
7;1654,37
8;4912,89
9;27097,17
10;15854,66
11;20591,11
12;19602,91
13;22250,01
14;20731,58
15;15039,34
16;8741,34
17;5272,33
18;2066,24
19;9154,83
20;-18,33
21;-18,33
22;-18,33
23;-18,33
0;-18,33
1;-18,33
2;-18,33
3;-18,33
4;-18,33
5;-18,33
6;12,91
7;1442,18
8;4420,59
9;11145,73
10;14912,98
11;19976,20
12;23234,79
13;23661,14
14;22329,50
15;18234,21
16;27617,39
17;24917,06
18;20452,70
19;9322,99
20;-18,33
21;-18,33
22;-18,33
23;-18,33
0;-18,33
1;-18,33
2;-18,33
3;-18,33
4;-18,33
5;-18,33
6;8797,77
7;20191,46
8;24461,31
9;26503,38
10;28412,34
11;29257,19
12;29366,27
13;29593,81
14;29331,54
15;28598,46
16;27074,79
17;24637,54
18;20144,28
19;9391,93
20;-18,33
21;-18,33
22;-18,33
23;-18,33
0;-18,33
1;-18,33
2;-18,33
3;-18,33
4;-18,33
5;-18,33
6;8653,61
7;20018,56
8;24383,05
9;26241,42
10;27560,64
11;28829,85
12;29458,29
13;29256,31
14;29102,21
15;28228,62
16;26797,39
17;24335,77
18;19921,92
19;9386,76
20;-18,33
21;-18,33
22;-18,33
23;-18,33
0;-18,33
1;-18,33
2;-18,33
3;-18,33
4;-18,33
5;-18,33
6;9254,06
7;20418,37
8;24537,60
9;26838,16
10;28413,49
11;28938,91
12;28802,30
13;28872,27
14;28761,29
15;27978,45
16;26745,02
17;24547,28
18;20082,23
19;9723,18
20;-18,33
21;-18,33
22;-18,33
23;-18,33
0;-18,33
1;-18,33
2;-18,33
3;-18,33
4;-18,33
5;-18,33
6;9448,24
7;20540,06
8;24873,52
9;27053,25
10;28258,95
11;29256,54
12;29285,84
13;29432,56
14;28855,20
15;28507,46
16;26979,75
17;24559,16
18;20319,74
19;10248,82
20;-18,33
21;-18,33
22;-18,33
23;-18,33
0;-18,33
1;-18,33
2;-18,33
3;-18,33
4;-18,33
5;-18,33
6;67,65
7;20413,44
8;24658,95
9;26601,70
10;27563,82
11;28436,83
12;28983,22
13;29239,37
14;16984,44
15;18028,99
16;26800,44
17;24557,22
18;20365,58
19;10331,07
20;-18,33
21;-18,33
22;-18,33
23;-18,33
0;-18,33
1;-18,33
2;-18,33
3;-18,33
4;-18,33
5;-18,33
6;14,59
7;1112,19
8;3177,26
9;5286,87
10;12054,99
11;28768,58
12;28884,01
13;29088,49
14;29003,38
15;28445,68
16;27100,81
17;24697,65
18;20341,03
19;10315,15
20;-18,33
21;-18,33
22;-18,33
23;-18,33
0;-18,33
1;-18,33
2;-18,33
3;-18,33
4;-18,33
5;-18,33
6;9144,38
7;20299,63
8;24554,73
9;27141,04
10;28206,93
11;29145,41
12;29265,48
13;29516,21
14;29273,21
15;28456,07
16;27287,02
17;24675,84
18;20600,43
19;10799,17
20;-18,33
21;-18,33
22;-18,33
23;-18,33
0;-18,33
1;-18,33
2;-18,33
3;-18,33
4;-18,33
5;-18,33
6;8833,68
7;1427,13
8;4064,99
9;6879,91
10;16419,28
11;28803,59
12;29096,31
13;29541,78
14;29095,14
15;28498,72
16;27165,64
17;24743,43
18;2805,95
19;10837,54
20;-18,33
21;-18,33
22;-18,33
23;-18,33
0;-18,33
1;-18,33
2;-18,33
3;-18,33
4;-18,33
5;-18,33
6;8882,37
7;19980,65
8;24303,88
9;26672,56
10;28027,17
11;28795,13
12;28963,94
13;28956,92
14;28415,43
15;27928,31
16;26864,88
17;24277,60
18;20331,81
19;11004,68
20;-18,33
21;-18,33
22;-18,33
23;-18,33
0;-18,33
1;-18,33
2;-18,33
3;-18,33
4;-18,33
5;-18,33
6;8771,76
7;1869,90
8;24458,36
9;26802,75
10;27993,52
11;28647,82
12;28756,31
13;28724,40
14;28862,74
15;28136,21
16;27024,70
17;24567,29
18;20452,71
19;10981,96
20;-18,33
21;-18,33
22;-18,33
23;-18,33
0;-18,33
1;-18,33
2;-18,33
3;-18,33
4;-18,33
5;-18,33
6;-18,33
7;1057,50
8;2718,56
9;26558,95
10;27665,59
11;28516,06
12;28864,84
13;28945,77
14;28888,34
15;28409,86
16;27215,56
17;24612,72
18;20364,13
19;11106,24
20;-18,33
21;-18,33
22;-18,33
23;-18,33
0;-18,33
1;-18,33
2;-18,33
3;-18,33
4;-18,33
5;-18,33
6;24,29
7;1364,22
8;3386,75
9;26361,19
10;27799,75
11;28753,47
12;28705,35
13;28879,32
14;28472,92
15;27998,45
16;26822,08
17;24373,38
18;20317,01
19;11338,69
20;-18,33
21;-18,33
22;-18,33
23;-18,33
0;-18,33
1;-18,33
2;-18,33
3;-18,33
4;-18,33
5;-18,33
6;27,28
7;1611,92
8;23974,93
9;26309,58
10;27854,20
11;28553,44
12;28918,23
13;28702,01
14;28743,87
15;28084,94
16;26487,73
17;24237,62
18;20285,44
19;11311,22
20;-18,33
21;-18,33
22;-18,33
23;-18,33
0;-18,33
1;-18,33
2;-18,33
3;-18,33
4;-18,33
5;-18,33
6;1,82
7;1104,76
8;3116,37
9;5077,85
10;6539,31
11;28486,63
12;28675,61
13;28659,86
14;28473,42
15;27857,87
16;26571,77
17;24178,10
18;20134,68
19;11330,23
20;-18,33
21;-18,33
22;-18,33
23;-18,33
0;-18,33
1;-18,33
2;-18,33
3;-18,33
4;-18,33
5;-18,33
6;-0,03
7;1040,45
8;2310,83
9;4052,76
10;6648,99
11;28066,18
12;28391,12
13;28559,58
14;28336,31
15;27979,12
16;26539,64
17;24354,11
18;20180,88
19;11444,84
20;-18,33
21;-18,33
22;-18,33
23;-18,33
0;-18,33
1;-18,33
2;-18,33
3;-18,33
4;-18,33
5;-18,33
6;8126,24
7;19370,93
8;23881,36
9;26380,00
10;27616,26
11;28499,10
12;28540,15
13;28601,73
14;28530,35
15;27659,43
16;26656,20
17;24282,55
18;20238,30
19;11665,75
20;-18,33
21;-18,33
22;-18,33
23;-18,33
0;-18,33
1;-18,33
2;-18,33
3;-18,33
4;-18,33
5;-18,33
6;-10,35
7;1196,64
8;3208,16
9;26121,33
10;27531,32
11;28326,58
12;28766,63
13;28484,81
14;28484,46
15;28035,28
16;26664,74
17;24343,46
18;1970,25
19;11970,16
20;-18,33
21;-18,33
22;-18,33
23;-18,33
0;-18,33
1;-18,33
2;-18,33
3;-18,33
4;-18,33
5;-18,33
6;7888,64
7;1376,90
8;2963,21
9;6214,64
10;7025,18
11;28264,41
12;28406,71
13;28774,35
14;28490,38
15;28075,67
16;26759,75
17;24472,67
18;20504,93
19;12108,55
20;-18,33
21;-18,33
22;-18,33
23;-18,33
0;-18,33
1;-18,33
2;-18,33
3;-18,33
4;-18,33
5;-18,33
6;-2,81
7;1040,01
8;2173,59
9;3297,53
10;4751,62
11;14013,17
12;22442,36
13;28968,67
14;28754,92
15;28016,54
16;26952,41
17;24736,29
18;20645,84
19;12178,90
20;-18,33
21;-18,33
22;-18,33
23;-18,33
0;-18,33
1;-18,33
2;-18,33
3;-18,33
4;-18,33
5;-18,33
6;8070,89
7;19519,80
8;23984,93
9;26306,51
10;27754,70
11;28532,78
12;28806,59
13;28504,47
14;28747,92
15;27965,40
16;26630,86
17;24507,72
18;20567,14
19;12318,85
20;-18,33
21;-18,33
22;-18,33
23;-18,33
0;-18,33
1;-18,33
2;-18,33
3;-18,33
4;-18,33
5;-18,33
6;17,78
7;1725,56
8;4812,22
9;26513,71
10;15799,48
11;19466,42
12;21222,63
13;22969,48
14;22277,56
15;28097,78
16;27070,41
17;8473,55
18;20845,04
19;12699,20
20;-18,33
21;-18,33
22;-18,33
23;-18,33
0;-18,33
1;-18,33
2;-18,33
3;-18,33
4;-18,33
5;-18,33
6;-18,33
7;1434,47
8;3955,40
9;5284,67
10;9777,55
11;19200,03
12;21873,83
13;29027,58
14;28648,38
15;28056,32
16;27015,23
17;24873,65
18;20926,23
19;12600,20
20;-18,33
21;-18,33
22;-18,33
23;-18,33
0;-18,33
1;-18,33
2;-18,33
3;-18,33
4;-18,33
5;-18,33
6;-6,33
7;1072,22
8;2597,22
9;4330,46
10;7603,22
11;28546,73
12;28783,61
13;28983,54
14;28825,39
15;28226,35
16;27103,00
17;24849,87
18;20995,51
19;12833,45
20;-18,33
21;-18,33
22;-18,33
23;-18,33
0;-18,33
1;-18,33
2;-18,33
3;-18,33
4;-18,33
5;-18,33
6;7492,25
7;19339,68
8;23905,13
9;26455,61
10;27990,84
11;28719,22
12;28943,27
13;28994,61
14;28809,19
15;28402,46
16;27037,72
17;24946,13
18;21016,67
19;13026,24
20;-18,33
21;-18,33
22;-18,33
23;-18,33
0;-18,33
1;-18,33
2;-18,33
3;-18,33
4;-18,33
5;-18,33
6;-10,19
7;1038,00
8;2686,38
9;5555,13
10;10013,06
11;28584,06
12;28787,69
13;29184,34
14;29010,15
15;28220,11
16;27052,86
17;24946,02
18;21045,17
19;13265,74
20;-18,33
21;-18,33
22;-18,33
23;-18,33
0;-18,33
1;-18,33
2;-18,33
3;-18,33
4;-18,33
5;-18,33
6;6992,65
7;1365,70
8;2810,52
9;4603,25
10;10664,54
11;28176,49
12;28641,42
13;28723,00
14;28748,52
15;28318,47
16;27209,01
17;24988,03
18;21056,46
19;13297,28
20;-18,33
21;-18,33
22;-18,33
23;-18,33
0;-18,33
1;-18,33
2;-18,33
3;-18,33
4;-18,33
5;-18,33
6;6928,84
7;19084,00
8;23855,25
9;26348,76
10;27970,46
11;28764,67
12;28765,98
13;29161,82
14;28898,76
15;28562,46
16;27312,81
17;25181,13
18;21261,06
19;13270,40
20;-18,33
21;-18,33
22;-18,33
23;-18,33
0;-18,33
1;-18,33
2;-18,33
3;-18,33
4;-18,33
5;-18,33
6;6860,00
7;19091,03
8;23747,37
9;26408,39
10;28074,83
11;28816,88
12;29146,37
13;28991,43
14;28964,77
15;28290,02
16;27005,12
17;25027,53
18;21327,61
19;13528,88
20;-18,33
21;-18,33
22;-18,33
23;-18,33
0;-18,33
1;-18,33
2;-18,33
3;-18,33
4;-18,33
5;-18,33
6;6561,83
7;18986,48
8;23626,64
9;26100,83
10;27436,35
11;28325,26
12;28772,52
13;28704,16
14;28671,25
15;28139,42
16;26857,70
17;24870,08
18;20935,29
19;13452,11
20;-18,33
21;-18,33
22;-18,33
23;-18,33
0;-18,33
1;-18,33
2;-18,33
3;-18,33
4;-18,33
5;-18,33
6;6656,48
7;19241,05
8;23993,89
9;26569,29
10;27903,79
11;28773,49
12;28800,65
13;28936,06
14;28800,52
15;28197,29
16;26824,90
17;24873,14
18;21312,69
19;13889,26
20;-18,33
21;-18,33
22;-18,33
23;-18,33
0;-18,33
1;-18,33
2;-18,33
3;-18,33
4;-18,33
5;-18,33
6;-18,33
7;1414,92
8;24089,17
9;26533,85
10;28061,02
11;29046,05
12;29272,86
13;29292,44
14;28794,07
15;28036,28
16;27038,89
17;25088,38
18;21416,02
19;14064,83
20;-18,33
21;-18,33
22;-18,33
23;-18,33
0;-18,33
1;-18,33
2;-18,33
3;-18,33
4;-18,33
5;-18,33
6;13,03
7;1457,84
8;23759,48
9;26277,52
10;27811,39
11;28724,53
12;29165,15
13;28895,22
14;28705,42
15;28328,83
16;27237,39
17;24997,32
18;21430,96
19;14037,57
20;-18,33
21;-18,33
22;-18,33
23;-18,33
0;-18,33
1;-18,33
2;-18,33
3;-18,33
4;-18,33
5;-18,33
6;-18,33
7;1149,21
8;2857,15
9;26256,57
10;27760,12
11;28727,43
12;29102,82
13;29267,20
14;29143,99
15;28352,81
16;27228,19
17;25323,46
18;21547,65
19;14067,07
20;-18,33
21;-18,33
22;-18,33
23;-18,33
0;-18,33
1;-18,33
2;-18,33
3;-18,33
4;-18,33
5;-18,33
6;-18,33
7;18490,38
8;23576,11
9;26358,15
10;28043,01
11;29052,46
12;29501,58
13;29501,17
14;29176,33
15;28378,60
16;27307,57
17;25038,97
18;21456,82
19;14134,54
20;-18,33
21;-18,33
22;-18,33
23;-18,33
0;-18,33
1;-18,33
2;-18,33
3;-18,33
4;-18,33
5;-18,33
6;-18,33
7;18336,04
8;4517,38
9;26155,47
10;27881,90
11;28691,13
12;28884,37
13;28846,23
14;28740,65
15;28352,91
16;27241,45
17;25014,20
18;21377,01
19;13903,22
20;-18,33
21;-18,33
22;-18,33
23;-18,33
0;-18,33
1;-18,33
2;-18,33
3;-18,33
4;-18,33
5;-18,33
6;-18,33
7;18243,42
8;23286,16
9;26149,73
10;27634,08
11;28861,43
12;29256,85
13;28999,91
14;29271,96
15;28164,44
16;27023,01
17;24941,94
18;21279,71
19;13900,79
20;-18,33
21;-18,33
22;-18,33
23;-18,33
0;-18,33
1;-18,33
2;-18,33
3;-18,33
4;-18,33
5;-18,33
6;-18,33
7;18178,02
8;23072,33
9;25555,92
10;27591,64
11;28758,00
12;29050,50
13;29240,97
14;28882,55
15;28357,84
16;27088,68
17;24975,18
18;21404,01
19;14091,78
20;-18,33
21;-18,33
22;-18,33
23;-18,33
